plan_id,brand_name,display_name,type,tariff_type,supply_c_per_day,single_rate_c_per_kwh,feed_in_c_per_kwh,controlled_load_c_per_kwh,pay_on_time_only,plan_doc_url
ORI1202136MRE1@EME,Origin Energy,Origin Battery Charge,MARKET,TIME_OF_USE,,,11.0,,False,https://www.energymadeeasy.gov.au/plan?id=ORI1202136MRE1@EME
ORI1202137MRE1@EME,Origin Energy,Origin Battery Charge,MARKET,TIME_OF_USE,,,11.0,,False,https://www.energymadeeasy.gov.au/plan?id=ORI1202137MRE1@EME
ORI909023MRE10@EME,Origin Energy,Origin Affinity Variable Ongoing - One Click Switch,MARKET,SINGLE_RATE,,36.2,44.0,,False,https://www.energymadeeasy.gov.au/plan?id=ORI909023MRE10@EME
ORI1157655MBE2@EME,Origin Energy,Origin Business Affinity Variable Ongoing - CheapBills,MARKET,TIME_OF_USE,,,44.0,,False,https://www.energymadeeasy.gov.au/plan?id=ORI1157655MBE2@EME
ORI1157658MBE2@EME,Origin Energy,Origin Business Affinity Variable Ongoing - CheapBills,MARKET,TIME_OF_USE,,,44.0,,False,https://www.energymadeeasy.gov.au/plan?id=ORI1157658MBE2@EME
ORI1157643MBE2@EME,Origin Energy,Origin Business Affinity Variable Ongoing - CheapBills,MARKET,TIME_OF_USE,,,44.0,,False,https://www.energymadeeasy.gov.au/plan?id=ORI1157643MBE2@EME
ORI1135539SRE2@EME,Origin Energy,Origin Standing,STANDING,SINGLE_RATE,,38.1,44.0,,False,https://www.energymadeeasy.gov.au/plan?id=ORI1135539SRE2@EME
ORI1157652MBE2@EME,Origin Energy,Origin Business Affinity Variable Ongoing - CheapBills,MARKET,SINGLE_RATE,,37.51,44.0,,False,https://www.energymadeeasy.gov.au/plan?id=ORI1157652MBE2@EME
ORI1135491MRE2@EME,Origin Energy,Origin Solar Partner Plus,MARKET,SINGLE_RATE,,38.1,12.0,,False,https://www.energymadeeasy.gov.au/plan?id=ORI1135491MRE2@EME
ORI1157113MRE2@EME,Origin Energy,Origin Weekday Shift,MARKET,TIME_OF_USE,,,44.0,,False,https://www.energymadeeasy.gov.au/plan?id=ORI1157113MRE2@EME
ORI1154131MRE4@EME,Origin Energy,Origin Go Variable Ongoing - New & Move Customers only,MARKET,TIME_OF_USE,,,44.0,,False,https://www.energymadeeasy.gov.au/plan?id=ORI1154131MRE4@EME
ORI1133435MRE3@EME,Origin Energy,Origin Affinity Variable Ongoing - Go Switch,MARKET,SINGLE_RATE,,36.2,44.0,,False,https://www.energymadeeasy.gov.au/plan?id=ORI1133435MRE3@EME
ORI1135465MRE2@EME,Origin Energy,Origin Solar Partner Plus,MARKET,TIME_OF_USE,,,12.0,,False,https://www.energymadeeasy.gov.au/plan?id=ORI1135465MRE2@EME
ORI1135015SRE2@EME,Origin Energy,Origin Standing,STANDING,SINGLE_RATE,,38.1,44.0,,False,https://www.energymadeeasy.gov.au/plan?id=ORI1135015SRE2@EME
ORI1154132MRE4@EME,Origin Energy,Origin Go Variable Ongoing - New & Move Customers only,MARKET,SINGLE_RATE,,36.2,44.0,,False,https://www.energymadeeasy.gov.au/plan?id=ORI1154132MRE4@EME
ORI1154135MRE4@EME,Origin Energy,Origin Go Variable Ongoing - New & Move Customers only,MARKET,SINGLE_RATE,,36.2,44.0,,False,https://www.energymadeeasy.gov.au/plan?id=ORI1154135MRE4@EME
ORI1135464MRE2@EME,Origin Energy,Origin Solar Partner Plus,MARKET,SINGLE_RATE,,38.1,12.0,,False,https://www.energymadeeasy.gov.au/plan?id=ORI1135464MRE2@EME
ORI1133422MRE3@EME,Origin Energy,Origin Affinity Variable Ongoing - Go Switch,MARKET,SINGLE_RATE,,36.2,44.0,,False,https://www.energymadeeasy.gov.au/plan?id=ORI1133422MRE3@EME
ORI1157131MRE2@EME,Origin Energy,Origin Weekday Shift,MARKET,TIME_OF_USE,,,44.0,,False,https://www.energymadeeasy.gov.au/plan?id=ORI1157131MRE2@EME
ORI1133299MRE3@EME,Origin Energy,Origin Affinity Variable Ongoing - Compare the Market,MARKET,SINGLE_RATE,,36.2,44.0,,False,https://www.energymadeeasy.gov.au/plan?id=ORI1133299MRE3@EME
ORI1135009SRE2@EME,Origin Energy,Origin Standing,STANDING,TIME_OF_USE,,,44.0,,False,https://www.energymadeeasy.gov.au/plan?id=ORI1135009SRE2@EME
ORI1157130MRE2@EME,Origin Energy,Origin Night Shift,MARKET,TIME_OF_USE,,,44.0,,False,https://www.energymadeeasy.gov.au/plan?id=ORI1157130MRE2@EME
ORI1145482MRE2@EME,Origin Energy,Origin Aff Var ePlus Ongoing -OBS- New & Move Cust Only,MARKET,TIME_OF_USE,,,44.0,,False,https://www.energymadeeasy.gov.au/plan?id=ORI1145482MRE2@EME
ORI1133227MRE3@EME,Origin Energy,Origin Affinity Variable Ongoing - Comparable,MARKET,SINGLE_RATE,,36.2,44.0,,False,https://www.energymadeeasy.gov.au/plan?id=ORI1133227MRE3@EME
ORI1133296MRE3@EME,Origin Energy,Origin Affinity Variable Ongoing - Compare the Market,MARKET,SINGLE_RATE,,36.2,44.0,,False,https://www.energymadeeasy.gov.au/plan?id=ORI1133296MRE3@EME
ORI988114MBE7@EME,Origin Energy,Origin Business Affinity Variable Ongoing - 1 Click Sw,MARKET,TIME_OF_USE,,,44.0,,False,https://www.energymadeeasy.gov.au/plan?id=ORI988114MBE7@EME
ORI988103MBE7@EME,Origin Energy,Origin Business Affinity Variable Ongoing - Go Switch,MARKET,TIME_OF_USE,,,44.0,,False,https://www.energymadeeasy.gov.au/plan?id=ORI988103MBE7@EME
ORI1133314MRE3@EME,Origin Energy,Origin Affinity Variable Ongoing - Compare the Market,MARKET,TIME_OF_USE,,,44.0,,False,https://www.energymadeeasy.gov.au/plan?id=ORI1133314MRE3@EME
ORI988110MBE7@EME,Origin Energy,Origin Business Affinity Variable Ongoing - 1 Click Sw,MARKET,SINGLE_RATE,,37.51,44.0,,False,https://www.energymadeeasy.gov.au/plan?id=ORI988110MBE7@EME
ORI724781MRE15@EME,Origin Energy,Origin Affinity Variable Ongoing - My Connect,MARKET,SINGLE_RATE,,36.2,44.0,,False,https://www.energymadeeasy.gov.au/plan?id=ORI724781MRE15@EME
ORI1133246MRE3@EME,Origin Energy,Origin Affinity Variable Ongoing - Compare Club,MARKET,SINGLE_RATE,,36.2,44.0,,False,https://www.energymadeeasy.gov.au/plan?id=ORI1133246MRE3@EME
ORI724759MRE15@EME,Origin Energy,Origin Affinity Variable Ongoing - My Connect,MARKET,TIME_OF_USE,,,44.0,,False,https://www.energymadeeasy.gov.au/plan?id=ORI724759MRE15@EME
ORI1133242MRE3@EME,Origin Energy,Origin Affinity Variable Ongoing - Compare Club,MARKET,TIME_OF_USE,,,44.0,,False,https://www.energymadeeasy.gov.au/plan?id=ORI1133242MRE3@EME
ORI1133234MRE3@EME,Origin Energy,Origin Affinity Variable Ongoing - Comparable,MARKET,SINGLE_RATE,,36.2,44.0,,False,https://www.energymadeeasy.gov.au/plan?id=ORI1133234MRE3@EME
ORI1133264MRE3@EME,Origin Energy,Origin Affinity Variable Ongoing - Compare Club,MARKET,SINGLE_RATE,,36.2,44.0,,False,https://www.energymadeeasy.gov.au/plan?id=ORI1133264MRE3@EME
ORI724734MRE15@EME,Origin Energy,Origin Affinity Variable Ongoing - My Connect,MARKET,SINGLE_RATE,,36.2,44.0,,False,https://www.energymadeeasy.gov.au/plan?id=ORI724734MRE15@EME
ORI430714MBE21@EME,Origin Energy,Origin Business Solar Boost Variable,MARKET,TIME_OF_USE,,,8.0,,False,https://www.energymadeeasy.gov.au/plan?id=ORI430714MBE21@EME
ORI988104MBE7@EME,Origin Energy,Origin Business Affinity Variable Ongoing - Go Switch,MARKET,SINGLE_RATE,,37.51,44.0,,False,https://www.energymadeeasy.gov.au/plan?id=ORI988104MBE7@EME
ORI988106MBE7@EME,Origin Energy,Origin Business Affinity Variable Ongoing - Go Switch,MARKET,TIME_OF_USE,,,44.0,,False,https://www.energymadeeasy.gov.au/plan?id=ORI988106MBE7@EME
ORI988108MBE7@EME,Origin Energy,Origin Business Affinity Variable Ongoing - 1 Click Sw,MARKET,TIME_OF_USE,,,44.0,,False,https://www.energymadeeasy.gov.au/plan?id=ORI988108MBE7@EME
ORI988121MBE7@EME,Origin Energy,Origin Business Affinity Variable Ongoing - 1 Click Sw,MARKET,SINGLE_RATE,,37.51,44.0,,False,https://www.energymadeeasy.gov.au/plan?id=ORI988121MBE7@EME
ORI430731MBE21@EME,Origin Energy,Origin Business Solar Boost Variable,MARKET,TIME_OF_USE,,,8.0,,False,https://www.energymadeeasy.gov.au/plan?id=ORI430731MBE21@EME
ORI988100MBE7@EME,Origin Energy,Origin Business Affinity Variable Ongoing - Go Switch,MARKET,TIME_OF_USE,,,44.0,,False,https://www.energymadeeasy.gov.au/plan?id=ORI988100MBE7@EME
ORI988112MBE7@EME,Origin Energy,Origin Business Affinity Variable Ongoing - 1 Click Sw,MARKET,TIME_OF_USE,,,44.0,,False,https://www.energymadeeasy.gov.au/plan?id=ORI988112MBE7@EME
ORI988102MBE7@EME,Origin Energy,Origin Business Affinity Variable Ongoing - Go Switch,MARKET,TIME_OF_USE,,,44.0,,False,https://www.energymadeeasy.gov.au/plan?id=ORI988102MBE7@EME
ORI988119MBE7@EME,Origin Energy,Origin Business Affinity Variable Ongoing - 1 Click Sw,MARKET,TIME_OF_USE,,,44.0,,False,https://www.energymadeeasy.gov.au/plan?id=ORI988119MBE7@EME
ORI430725MBE21@EME,Origin Energy,Origin Business Solar Boost Variable,MARKET,TIME_OF_USE,,,8.0,,False,https://www.energymadeeasy.gov.au/plan?id=ORI430725MBE21@EME
ORI1133220MRE3@EME,Origin Energy,Origin Affinity Variable Ongoing - Comparable,MARKET,TIME_OF_USE,,,44.0,,False,https://www.energymadeeasy.gov.au/plan?id=ORI1133220MRE3@EME
ORI430721MBE21@EME,Origin Energy,Origin Business Solar Boost Variable,MARKET,SINGLE_RATE,,40.768,8.0,,False,https://www.energymadeeasy.gov.au/plan?id=ORI430721MBE21@EME
ORI430715MBE21@EME,Origin Energy,Origin Business Solar Boost Variable,MARKET,SINGLE_RATE,,40.768,8.0,,False,https://www.energymadeeasy.gov.au/plan?id=ORI430715MBE21@EME
ORI430713MBE21@EME,Origin Energy,Origin Business Solar Boost Variable,MARKET,TIME_OF_USE,,,8.0,,False,https://www.energymadeeasy.gov.au/plan?id=ORI430713MBE21@EME
ORI1133135MRE2@EME,Origin Energy,Origin Affinity Variable ePlus Ongoing - One Big Switch,MARKET,SINGLE_RATE,,35.81,44.0,,False,https://www.energymadeeasy.gov.au/plan?id=ORI1133135MRE2@EME
ORI430630MBE19@EME,Origin Energy,Origin Business Go Variable Ongoing,MARKET,TIME_OF_USE,,,44.0,,False,https://www.energymadeeasy.gov.au/plan?id=ORI430630MBE19@EME
ORI1133145MRE2@EME,Origin Energy,Origin Affinity Variable ePlus Ongoing - One Big Switch,MARKET,TIME_OF_USE,,,44.0,,False,https://www.energymadeeasy.gov.au/plan?id=ORI1133145MRE2@EME
ORI1133155MRE2@EME,Origin Energy,Origin Affinity Variable ePlus Ongoing - One Big Switch,MARKET,SINGLE_RATE,,35.81,44.0,,False,https://www.energymadeeasy.gov.au/plan?id=ORI1133155MRE2@EME
ORI988094MBE7@EME,Origin Energy,Origin Business Affinity Variable Ongoing - Go Switch,MARKET,SINGLE_RATE,,37.51,44.0,,False,https://www.energymadeeasy.gov.au/plan?id=ORI988094MBE7@EME
ORI430658MBE19@EME,Origin Energy,Origin Business Go Variable Ongoing,MARKET,SINGLE_RATE,,37.51,44.0,,False,https://www.energymadeeasy.gov.au/plan?id=ORI430658MBE19@EME
ORI1145472MRE2@EME,Origin Energy,Origin Aff Var ePlus Ongoing -OBS- New & Move Cust Only,MARKET,SINGLE_RATE,,35.81,44.0,,False,https://www.energymadeeasy.gov.au/plan?id=ORI1145472MRE2@EME
ORI1134962MRE2@EME,Origin Energy,Origin Solar Partner Plus,MARKET,SINGLE_RATE,,38.1,12.0,,False,https://www.energymadeeasy.gov.au/plan?id=ORI1134962MRE2@EME
ORI430659MBE19@EME,Origin Energy,Origin Business Go Variable Ongoing,MARKET,SINGLE_RATE,,37.51,44.0,,False,https://www.energymadeeasy.gov.au/plan?id=ORI430659MBE19@EME
ORI430642MBE19@EME,Origin Energy,Origin Business Go Variable Ongoing,MARKET,TIME_OF_USE,,,44.0,,False,https://www.energymadeeasy.gov.au/plan?id=ORI430642MBE19@EME
ORI430650MBE19@EME,Origin Energy,Origin Business Go Variable Ongoing,MARKET,TIME_OF_USE,,,44.0,,False,https://www.energymadeeasy.gov.au/plan?id=ORI430650MBE19@EME
ORI1145464MRE2@EME,Origin Energy,Origin Aff Var ePlus Ongoing -OBS- New & Move Cust Only,MARKET,SINGLE_RATE,,35.81,44.0,,False,https://www.energymadeeasy.gov.au/plan?id=ORI1145464MRE2@EME
ORI430632MBE19@EME,Origin Energy,Origin Business Go Variable Ongoing,MARKET,TIME_OF_USE,,,44.0,,False,https://www.energymadeeasy.gov.au/plan?id=ORI430632MBE19@EME
ORI429309SBE16@EME,Origin Energy,Origin Standing,STANDING,TIME_OF_USE,,,44.0,,False,https://www.energymadeeasy.gov.au/plan?id=ORI429309SBE16@EME
ORI429275SBE16@EME,Origin Energy,Origin Standing,STANDING,TIME_OF_USE,,,44.0,,False,https://www.energymadeeasy.gov.au/plan?id=ORI429275SBE16@EME
ORI429285SBE16@EME,Origin Energy,Origin Standing,STANDING,SINGLE_RATE,,40.768,44.0,,False,https://www.energymadeeasy.gov.au/plan?id=ORI429285SBE16@EME
ORI429263MBE16@EME,Origin Energy,Origin Business Basic,MARKET,TIME_OF_USE,,,44.0,,False,https://www.energymadeeasy.gov.au/plan?id=ORI429263MBE16@EME
ORI429304SBE16@EME,Origin Energy,Origin Standing,STANDING,TIME_OF_USE,,,44.0,,False,https://www.energymadeeasy.gov.au/plan?id=ORI429304SBE16@EME
ORI429254MBE16@EME,Origin Energy,Origin Business Basic,MARKET,TIME_OF_USE,,,44.0,,False,https://www.energymadeeasy.gov.au/plan?id=ORI429254MBE16@EME
ORI429261MBE16@EME,Origin Energy,Origin Business Basic,MARKET,SINGLE_RATE,,40.768,44.0,,False,https://www.energymadeeasy.gov.au/plan?id=ORI429261MBE16@EME
ORI429337SBE16@EME,Origin Energy,Origin Standing,STANDING,SINGLE_RATE,,40.768,44.0,,False,https://www.energymadeeasy.gov.au/plan?id=ORI429337SBE16@EME
ORI429274SBE16@EME,Origin Energy,Origin Standing,STANDING,TIME_OF_USE,,,44.0,,False,https://www.energymadeeasy.gov.au/plan?id=ORI429274SBE16@EME
ORI1134703MRE2@EME,Origin Energy,Origin Solar Boost Variable,MARKET,SINGLE_RATE,,38.1,8.0,,False,https://www.energymadeeasy.gov.au/plan?id=ORI1134703MRE2@EME
ORI429247MBE16@EME,Origin Energy,Origin Business Basic,MARKET,TIME_OF_USE,,,44.0,,False,https://www.energymadeeasy.gov.au/plan?id=ORI429247MBE16@EME
ORI953081MBE8@EME,Origin Energy,Origin Business Affinity Variable Ongoing - Zembl,MARKET,SINGLE_RATE,,37.51,44.0,,False,https://www.energymadeeasy.gov.au/plan?id=ORI953081MBE8@EME
ORI1134935MRE2@EME,Origin Energy,Origin Solar Partner Plus,MARKET,SINGLE_RATE,,38.1,12.0,,False,https://www.energymadeeasy.gov.au/plan?id=ORI1134935MRE2@EME
ORI1134693MRE2@EME,Origin Energy,Origin Solar Boost Variable,MARKET,TIME_OF_USE,,,8.0,,False,https://www.energymadeeasy.gov.au/plan?id=ORI1134693MRE2@EME
ORI953082MBE8@EME,Origin Energy,Origin Business Affinity Variable Ongoing - Zembl,MARKET,TIME_OF_USE,,,44.0,,False,https://www.energymadeeasy.gov.au/plan?id=ORI953082MBE8@EME
ORI1134936MRE2@EME,Origin Energy,Origin Solar Partner Plus,MARKET,TIME_OF_USE,,,12.0,,False,https://www.energymadeeasy.gov.au/plan?id=ORI1134936MRE2@EME
ORI953080MBE8@EME,Origin Energy,Origin Business Affinity Variable Ongoing - Zembl,MARKET,TIME_OF_USE,,,44.0,,False,https://www.energymadeeasy.gov.au/plan?id=ORI953080MBE8@EME
ORI429248MBE16@EME,Origin Energy,Origin Business Basic,MARKET,SINGLE_RATE,,40.768,44.0,,False,https://www.energymadeeasy.gov.au/plan?id=ORI429248MBE16@EME
ORI1134361MRE2@EME,Origin Energy,Origin Go Variable Ongoing,MARKET,SINGLE_RATE,,36.2,44.0,,False,https://www.energymadeeasy.gov.au/plan?id=ORI1134361MRE2@EME
ORI429239MBE16@EME,Origin Energy,Origin Business Basic,MARKET,TIME_OF_USE,,,44.0,,False,https://www.energymadeeasy.gov.au/plan?id=ORI429239MBE16@EME
ORI1168869MRE2@EME,Origin Energy,Origin Go Variable Ongoing - New & Move Customers only,MARKET,TIME_OF_USE,,,44.0,,False,https://www.energymadeeasy.gov.au/plan?id=ORI1168869MRE2@EME
ORI1134359MRE2@EME,Origin Energy,Origin Go Variable Ongoing,MARKET,TIME_OF_USE,,,44.0,,False,https://www.energymadeeasy.gov.au/plan?id=ORI1134359MRE2@EME
ORI953078MBE8@EME,Origin Energy,Origin Business Affinity Variable Ongoing - Zembl,MARKET,TIME_OF_USE,,,44.0,,False,https://www.energymadeeasy.gov.au/plan?id=ORI953078MBE8@EME
ORI1134360MRE2@EME,Origin Energy,Origin Go Variable Ongoing,MARKET,SINGLE_RATE,,36.2,44.0,,False,https://www.energymadeeasy.gov.au/plan?id=ORI1134360MRE2@EME
ORI1020156MBE6@EME,Origin Energy,Origin Business Affinity Variable Ongoing - Comparable,MARKET,SINGLE_RATE,,37.51,44.0,,False,https://www.energymadeeasy.gov.au/plan?id=ORI1020156MBE6@EME
ORI1134192MRE2@EME,Origin Energy,Origin Everyday Rewards Variable Ongoing,MARKET,SINGLE_RATE,,37.72,44.0,,False,https://www.energymadeeasy.gov.au/plan?id=ORI1134192MRE2@EME
ORI1020148MBE6@EME,Origin Energy,Origin Business Affinity Variable Ongoing - Comparable,MARKET,TIME_OF_USE,,,44.0,,False,https://www.energymadeeasy.gov.au/plan?id=ORI1020148MBE6@EME
ORI1134196MRE2@EME,Origin Energy,Origin Everyday Rewards Variable Ongoing,MARKET,SINGLE_RATE,,37.72,44.0,,False,https://www.energymadeeasy.gov.au/plan?id=ORI1134196MRE2@EME
ORI1020161MBE6@EME,Origin Energy,Origin Business Affinity Variable Ongoing - Comparable,MARKET,TIME_OF_USE,,,44.0,,False,https://www.energymadeeasy.gov.au/plan?id=ORI1020161MBE6@EME
ORI1020159MBE6@EME,Origin Energy,Origin Business Affinity Variable Ongoing - Comparable,MARKET,TIME_OF_USE,,,44.0,,False,https://www.energymadeeasy.gov.au/plan?id=ORI1020159MBE6@EME
ORI1020147MBE6@EME,Origin Energy,Origin Business Affinity Variable Ongoing - Comparable,MARKET,TIME_OF_USE,,,44.0,,False,https://www.energymadeeasy.gov.au/plan?id=ORI1020147MBE6@EME
ORI1165202MBE2@EME,Origin Energy,Origin Business Steady,MARKET,SINGLE_RATE,,40.36,2.0,,False,https://www.energymadeeasy.gov.au/plan?id=ORI1165202MBE2@EME
ORI1020154MBE6@EME,Origin Energy,Origin Business Affinity Variable Ongoing - Comparable,MARKET,SINGLE_RATE,,37.51,44.0,,False,https://www.energymadeeasy.gov.au/plan?id=ORI1020154MBE6@EME
ORI1019971MRE3@EME,Origin Energy,Origin Solar Boost Variable,MARKET,SINGLE_RATE,,38.1,8.0,,False,https://www.energymadeeasy.gov.au/plan?id=ORI1019971MRE3@EME
ORI1018516MBE3@EME,Origin Energy,Origin Business Affinity Variable Ongoing - CIMET,MARKET,TIME_OF_USE,,,44.0,,False,https://www.energymadeeasy.gov.au/plan?id=ORI1018516MBE3@EME
ORI953053MBE8@EME,Origin Energy,Origin Business Affinity Variable Ongoing - Mindlabz,MARKET,TIME_OF_USE,,,44.0,,False,https://www.energymadeeasy.gov.au/plan?id=ORI953053MBE8@EME
ORI953028MBE8@EME,Origin Energy,Origin Business Affinity Variable Ongoing - Elec Wizard,MARKET,TIME_OF_USE,,,44.0,,False,https://www.energymadeeasy.gov.au/plan?id=ORI953028MBE8@EME
ORI1161037MRE3@EME,Origin Energy,Origin Battery Starter,MARKET,TIME_OF_USE,,,27.0,,False,https://www.energymadeeasy.gov.au/plan?id=ORI1161037MRE3@EME
ORI953031MBE8@EME,Origin Energy,Origin Business Affinity Variable Ongoing - Elec Wizard,MARKET,TIME_OF_USE,,,44.0,,False,https://www.energymadeeasy.gov.au/plan?id=ORI953031MBE8@EME
ORI1133819MRE2@EME,Origin Energy,Origin Basic,MARKET,SINGLE_RATE,,38.1,44.0,,False,https://www.energymadeeasy.gov.au/plan?id=ORI1133819MRE2@EME
ORI953079MBE8@EME,Origin Energy,Origin Business Affinity Variable Ongoing - Zembl,MARKET,TIME_OF_USE,,,44.0,,False,https://www.energymadeeasy.gov.au/plan?id=ORI953079MBE8@EME
ORI953077MBE8@EME,Origin Energy,Origin Business Affinity Variable Ongoing - Zembl,MARKET,SINGLE_RATE,,37.51,44.0,,False,https://www.energymadeeasy.gov.au/plan?id=ORI953077MBE8@EME
ORI953050MBE8@EME,Origin Energy,Origin Business Affinity Variable Ongoing - Mindlabz,MARKET,TIME_OF_USE,,,44.0,,False,https://www.energymadeeasy.gov.au/plan?id=ORI953050MBE8@EME
ORI953029MBE8@EME,Origin Energy,Origin Business Affinity Variable Ongoing - Elec Wizard,MARKET,TIME_OF_USE,,,44.0,,False,https://www.energymadeeasy.gov.au/plan?id=ORI953029MBE8@EME
ORI953026MBE8@EME,Origin Energy,Origin Business Affinity Variable Ongoing - Elec Wizard,MARKET,SINGLE_RATE,,37.51,44.0,,False,https://www.energymadeeasy.gov.au/plan?id=ORI953026MBE8@EME
ORI953030MBE8@EME,Origin Energy,Origin Business Affinity Variable Ongoing - Elec Wizard,MARKET,SINGLE_RATE,,37.51,44.0,,False,https://www.energymadeeasy.gov.au/plan?id=ORI953030MBE8@EME
ORI1165187MBE3@EME,Origin Energy,Origin Business Steady - Field Sales,MARKET,SINGLE_RATE,,40.36,2.0,,False,https://www.energymadeeasy.gov.au/plan?id=ORI1165187MBE3@EME
ORI953051MBE8@EME,Origin Energy,Origin Business Affinity Variable Ongoing - Mindlabz,MARKET,TIME_OF_USE,,,44.0,,False,https://www.energymadeeasy.gov.au/plan?id=ORI953051MBE8@EME
ORI953049MBE8@EME,Origin Energy,Origin Business Affinity Variable Ongoing - Mindlabz,MARKET,TIME_OF_USE,,,44.0,,False,https://www.energymadeeasy.gov.au/plan?id=ORI953049MBE8@EME
ORI1161044MRE3@EME,Origin Energy,Origin Battery Starter,MARKET,TIME_OF_USE,,,27.0,,False,https://www.energymadeeasy.gov.au/plan?id=ORI1161044MRE3@EME
ORI953052MBE8@EME,Origin Energy,Origin Business Affinity Variable Ongoing - Mindlabz,MARKET,SINGLE_RATE,,37.51,44.0,,False,https://www.energymadeeasy.gov.au/plan?id=ORI953052MBE8@EME
ORI953048MBE8@EME,Origin Energy,Origin Business Affinity Variable Ongoing - Mindlabz,MARKET,SINGLE_RATE,,37.51,44.0,,False,https://www.energymadeeasy.gov.au/plan?id=ORI953048MBE8@EME
ORI953027MBE8@EME,Origin Energy,Origin Business Affinity Variable Ongoing - Elec Wizard,MARKET,TIME_OF_USE,,,44.0,,False,https://www.energymadeeasy.gov.au/plan?id=ORI953027MBE8@EME
ORI1018511MBE3@EME,Origin Energy,Origin Business Affinity Variable Ongoing - CIMET,MARKET,TIME_OF_USE,,,44.0,,False,https://www.energymadeeasy.gov.au/plan?id=ORI1018511MBE3@EME
ORI1018523MBE3@EME,Origin Energy,Origin Business Affinity Variable Ongoing - CIMET,MARKET,TIME_OF_USE,,,44.0,,False,https://www.energymadeeasy.gov.au/plan?id=ORI1018523MBE3@EME
ORI1160844MRE2@EME,Origin Energy,Origin Everyday Rewards Variable Ongoing,MARKET,TIME_OF_USE,,,44.0,,False,https://www.energymadeeasy.gov.au/plan?id=ORI1160844MRE2@EME
ORI1007205MBE7@EME,Origin Energy,Origin Business Affinity Variable Ongoing - Chameleon,MARKET,SINGLE_RATE,,37.51,44.0,,False,https://www.energymadeeasy.gov.au/plan?id=ORI1007205MBE7@EME
ORI1018518MBE3@EME,Origin Energy,Origin Business Affinity Variable Ongoing - CIMET,MARKET,SINGLE_RATE,,37.51,44.0,,False,https://www.energymadeeasy.gov.au/plan?id=ORI1018518MBE3@EME
ORI1160826MRE2@EME,Origin Energy,Origin Affinity Variable Ongoing - Compare the Market,MARKET,TIME_OF_USE,,,44.0,,False,https://www.energymadeeasy.gov.au/plan?id=ORI1160826MRE2@EME
ORI1007206MBE7@EME,Origin Energy,Origin Business Affinity Variable Ongoing - Chameleon,MARKET,SINGLE_RATE,,37.51,44.0,,False,https://www.energymadeeasy.gov.au/plan?id=ORI1007206MBE7@EME
ORI1133706MRE3@EME,Origin Energy,Origin Affinity Variable Ongoing - Resi Conns,MARKET,SINGLE_RATE,,36.2,44.0,,False,https://www.energymadeeasy.gov.au/plan?id=ORI1133706MRE3@EME
ORI1007201MBE7@EME,Origin Energy,Origin Business Affinity Variable Ongoing - Chameleon,MARKET,TIME_OF_USE,,,44.0,,False,https://www.energymadeeasy.gov.au/plan?id=ORI1007201MBE7@EME
ORI1007209MBE7@EME,Origin Energy,Origin Business Affinity Variable Ongoing - Chameleon,MARKET,TIME_OF_USE,,,44.0,,False,https://www.energymadeeasy.gov.au/plan?id=ORI1007209MBE7@EME
ORI1139976SRE4@EME,Origin Energy,Origin Standing Solar Sharer,STANDING,TIME_OF_USE,,,44.0,,False,https://www.energymadeeasy.gov.au/plan?id=ORI1139976SRE4@EME
ORI1018513MBE3@EME,Origin Energy,Origin Business Affinity Variable Ongoing - CIMET,MARKET,SINGLE_RATE,,37.51,44.0,,False,https://www.energymadeeasy.gov.au/plan?id=ORI1018513MBE3@EME
ORI1018510MBE3@EME,Origin Energy,Origin Business Affinity Variable Ongoing - CIMET,MARKET,TIME_OF_USE,,,44.0,,False,https://www.energymadeeasy.gov.au/plan?id=ORI1018510MBE3@EME
ORI1160832MRE2@EME,Origin Energy,Origin Affinity Variable Ongoing - Resi Conns,MARKET,TIME_OF_USE,,,44.0,,False,https://www.energymadeeasy.gov.au/plan?id=ORI1160832MRE2@EME
ORI1160824MRE2@EME,Origin Energy,Origin Affinity Variable Ongoing - Comparable,MARKET,TIME_OF_USE,,,44.0,,False,https://www.energymadeeasy.gov.au/plan?id=ORI1160824MRE2@EME
ORI1160829MRE2@EME,Origin Energy,Origin Affinity Variable Ongoing - iSelect,MARKET,TIME_OF_USE,,,44.0,,False,https://www.energymadeeasy.gov.au/plan?id=ORI1160829MRE2@EME
ORI1007204MBE7@EME,Origin Energy,Origin Business Affinity Variable Ongoing - Chameleon,MARKET,TIME_OF_USE,,,44.0,,False,https://www.energymadeeasy.gov.au/plan?id=ORI1007204MBE7@EME
ORI1133705MRE3@EME,Origin Energy,Origin Affinity Variable Ongoing - Resi Conns,MARKET,TIME_OF_USE,,,44.0,,False,https://www.energymadeeasy.gov.au/plan?id=ORI1133705MRE3@EME
ORI1133836MRE2@EME,Origin Energy,Origin Basic,MARKET,SINGLE_RATE,,38.1,44.0,,False,https://www.energymadeeasy.gov.au/plan?id=ORI1133836MRE2@EME
ORI1160821MRE2@EME,Origin Energy,Origin Weekend Shift,MARKET,TIME_OF_USE,,,44.0,,False,https://www.energymadeeasy.gov.au/plan?id=ORI1160821MRE2@EME
ORI1133707MRE3@EME,Origin Energy,Origin Affinity Variable Ongoing - Resi Conns,MARKET,SINGLE_RATE,,36.2,44.0,,False,https://www.energymadeeasy.gov.au/plan?id=ORI1133707MRE3@EME
ORI1160855MRE2@EME,Origin Energy,Origin Solar Boost Variable,MARKET,TIME_OF_USE,,,8.0,,False,https://www.energymadeeasy.gov.au/plan?id=ORI1160855MRE2@EME
ORI1133820MRE2@EME,Origin Energy,Origin Basic,MARKET,TIME_OF_USE,,,44.0,,False,https://www.energymadeeasy.gov.au/plan?id=ORI1133820MRE2@EME
ORI1160823MRE2@EME,Origin Energy,Origin Affinity Variable ePlus Ongoing - One Big Switch,MARKET,TIME_OF_USE,,,44.0,,False,https://www.energymadeeasy.gov.au/plan?id=ORI1160823MRE2@EME
ORI1160831MRE2@EME,Origin Energy,Origin Affinity Variable Ongoing - One Click Switch,MARKET,TIME_OF_USE,,,44.0,,False,https://www.energymadeeasy.gov.au/plan?id=ORI1160831MRE2@EME
ORI1160848MRE2@EME,Origin Energy,Origin Go Variable Ongoing,MARKET,TIME_OF_USE,,,44.0,,False,https://www.energymadeeasy.gov.au/plan?id=ORI1160848MRE2@EME
ORI1160828MRE2@EME,Origin Energy,Origin Affinity Variable Ongoing - Go Switch,MARKET,TIME_OF_USE,,,44.0,,False,https://www.energymadeeasy.gov.au/plan?id=ORI1160828MRE2@EME
ORI1160822MRE2@EME,Origin Energy,Origin Weekend Shift,MARKET,TIME_OF_USE,,,44.0,,False,https://www.energymadeeasy.gov.au/plan?id=ORI1160822MRE2@EME
ORI1160825MRE2@EME,Origin Energy,Origin Affinity Variable Ongoing - Compare Club,MARKET,TIME_OF_USE,,,44.0,,False,https://www.energymadeeasy.gov.au/plan?id=ORI1160825MRE2@EME
ORI1160864SRE2@EME,Origin Energy,Origin Standing,STANDING,TIME_OF_USE,,,44.0,,False,https://www.energymadeeasy.gov.au/plan?id=ORI1160864SRE2@EME
ORI1160830MRE2@EME,Origin Energy,Origin Affinity Variable Ongoing - My Connect,MARKET,TIME_OF_USE,,,44.0,,False,https://www.energymadeeasy.gov.au/plan?id=ORI1160830MRE2@EME
ORI1160863MRE2@EME,Origin Energy,Origin Solar Partner Plus,MARKET,TIME_OF_USE,,,12.0,,False,https://www.energymadeeasy.gov.au/plan?id=ORI1160863MRE2@EME
ORI1160835MRE2@EME,Origin Energy,Origin Basic,MARKET,TIME_OF_USE,,,44.0,,False,https://www.energymadeeasy.gov.au/plan?id=ORI1160835MRE2@EME
ORI1007200MBE7@EME,Origin Energy,Origin Business Affinity Variable Ongoing - Chameleon,MARKET,TIME_OF_USE,,,44.0,,False,https://www.energymadeeasy.gov.au/plan?id=ORI1007200MBE7@EME
ORI1133510MRE3@EME,Origin Energy,Origin Affinity Variable Ongoing - iSelect,MARKET,SINGLE_RATE,,36.2,44.0,,False,https://www.energymadeeasy.gov.au/plan?id=ORI1133510MRE3@EME
ORI953012MBE8@EME,Origin Energy,Origin Business Affinity Variable Ongoing - C & C,MARKET,SINGLE_RATE,,37.51,44.0,,False,https://www.energymadeeasy.gov.au/plan?id=ORI953012MBE8@EME
ORI953010MBE8@EME,Origin Energy,Origin Business Affinity Variable Ongoing - C & C,MARKET,TIME_OF_USE,,,44.0,,False,https://www.energymadeeasy.gov.au/plan?id=ORI953010MBE8@EME
ORI953011MBE8@EME,Origin Energy,Origin Business Affinity Variable Ongoing - C & C,MARKET,TIME_OF_USE,,,44.0,,False,https://www.energymadeeasy.gov.au/plan?id=ORI953011MBE8@EME
ORI1133624MRE3@EME,Origin Energy,Origin Affinity Variable Ongoing - One Click Switch,MARKET,SINGLE_RATE,,36.2,44.0,,False,https://www.energymadeeasy.gov.au/plan?id=ORI1133624MRE3@EME
ORI953013MBE8@EME,Origin Energy,Origin Business Affinity Variable Ongoing - C & C,MARKET,TIME_OF_USE,,,44.0,,False,https://www.energymadeeasy.gov.au/plan?id=ORI953013MBE8@EME
ORI953009MBE8@EME,Origin Energy,Origin Business Affinity Variable Ongoing - C & C,MARKET,TIME_OF_USE,,,44.0,,False,https://www.energymadeeasy.gov.au/plan?id=ORI953009MBE8@EME
ORI953008MBE8@EME,Origin Energy,Origin Business Affinity Variable Ongoing - C & C,MARKET,SINGLE_RATE,,37.51,44.0,,False,https://www.energymadeeasy.gov.au/plan?id=ORI953008MBE8@EME
ORI909006MRE10@EME,Origin Energy,Origin Affinity Variable Ongoing - One Click Switch,MARKET,TIME_OF_USE,,,44.0,,False,https://www.energymadeeasy.gov.au/plan?id=ORI909006MRE10@EME
ORI1133479MRE3@EME,Origin Energy,Origin Affinity Variable Ongoing - iSelect,MARKET,TIME_OF_USE,,,44.0,,False,https://www.energymadeeasy.gov.au/plan?id=ORI1133479MRE3@EME
ORI1133474MRE3@EME,Origin Energy,Origin Affinity Variable Ongoing - iSelect,MARKET,SINGLE_RATE,,36.2,44.0,,False,https://www.energymadeeasy.gov.au/plan?id=ORI1133474MRE3@EME
ORI1157682MBE2@EME,Origin Energy,Origin Business Affinity Variable Ongoing - CheapBills,MARKET,TIME_OF_USE,,,44.0,,False,https://www.energymadeeasy.gov.au/plan?id=ORI1157682MBE2@EME
ORI1157644MBE2@EME,Origin Energy,Origin Business Affinity Variable Ongoing - CheapBills,MARKET,SINGLE_RATE,,37.51,44.0,,False,https://www.energymadeeasy.gov.au/plan?id=ORI1157644MBE2@EME
ORI1133418MRE3@EME,Origin Energy,Origin Affinity Variable Ongoing - Go Switch,MARKET,TIME_OF_USE,,,44.0,,False,https://www.energymadeeasy.gov.au/plan?id=ORI1133418MRE3@EME
ORI1157132MRE2@EME,Origin Energy,Origin Night Shift,MARKET,TIME_OF_USE,,,44.0,,False,https://www.energymadeeasy.gov.au/plan?id=ORI1157132MRE2@EME
AGL907792MRE11@EME,AGL,Residential Smart Saver - New To AGL (No Exit Fee),MARKET,SINGLE_RATE,,36.19,44.0,,False,https://www.energymadeeasy.gov.au/plan?id=AGL907792MRE11@EME
AGL907781MBE5@EME,AGL,Business Smart Saver (No Exit Fee),MARKET,SINGLE_RATE,,37.5,44.0,,False,https://www.energymadeeasy.gov.au/plan?id=AGL907781MBE5@EME
AGL907787MBE6@EME,AGL,Business Smart Saver - 3rd Party (No Exit Fee),MARKET,TIME_OF_USE,,,44.0,,False,https://www.energymadeeasy.gov.au/plan?id=AGL907787MBE6@EME
AGL907797MBE5@EME,AGL,Business Smart Saver (No Exit Fee),MARKET,TIME_OF_USE,,,44.0,,False,https://www.energymadeeasy.gov.au/plan?id=AGL907797MBE5@EME
AGL907788MBE5@EME,AGL,Business Smart Saver (No Exit Fee),MARKET,SINGLE_RATE,,37.5,44.0,,False,https://www.energymadeeasy.gov.au/plan?id=AGL907788MBE5@EME
AGL907784MBE6@EME,AGL,Business Smart Saver - 3rd Party (No Exit Fee),MARKET,TIME_OF_USE,,,44.0,,False,https://www.energymadeeasy.gov.au/plan?id=AGL907784MBE6@EME
AGL907775MBE6@EME,AGL,Business Smart Saver - 3rd Party (No Exit Fee),MARKET,SINGLE_RATE,,37.5,44.0,,False,https://www.energymadeeasy.gov.au/plan?id=AGL907775MBE6@EME
AGL907783MBE6@EME,AGL,Business Smart Saver - 3rd Party (No Exit Fee),MARKET,SINGLE_RATE,,37.5,44.0,,False,https://www.energymadeeasy.gov.au/plan?id=AGL907783MBE6@EME
AGL907776MBE5@EME,AGL,Business Smart Saver (No Exit Fee),MARKET,TIME_OF_USE,,,44.0,,False,https://www.energymadeeasy.gov.au/plan?id=AGL907776MBE5@EME
AGL15385SRE32@EME,AGL,Residential Standing Offer - No Exit Fee,STANDING,SINGLE_RATE,,38.1002,0.0,,False,https://www.energymadeeasy.gov.au/plan?id=AGL15385SRE32@EME
AGL15440SBE35@EME,AGL,Business Standing Offer (No Exit Fee),STANDING,TIME_OF_USE,,,44.0,,False,https://www.energymadeeasy.gov.au/plan?id=AGL15440SBE35@EME
AGL205704SBE32@EME,AGL,Business Standing Offer (No Exit Fee),STANDING,TIME_OF_USE,,,44.0,,False,https://www.energymadeeasy.gov.au/plan?id=AGL205704SBE32@EME
AGL15386SRE32@EME,AGL,Residential Standing Offer - No Exit Fee,STANDING,SINGLE_RATE,,38.1002,0.0,,False,https://www.energymadeeasy.gov.au/plan?id=AGL15386SRE32@EME
AGL15441SBE35@EME,AGL,Business Standing Offer (No Exit Fee),STANDING,TIME_OF_USE,,,44.0,,False,https://www.energymadeeasy.gov.au/plan?id=AGL15441SBE35@EME
AGL15398SBE33@EME,AGL,Business Standing Offer (No Exit Fee),STANDING,SINGLE_RATE,,40.768,44.0,,False,https://www.energymadeeasy.gov.au/plan?id=AGL15398SBE33@EME
AGL15399SBE33@EME,AGL,Business Standing Offer (No Exit Fee),STANDING,SINGLE_RATE,,40.768,44.0,,False,https://www.energymadeeasy.gov.au/plan?id=AGL15399SBE33@EME
AGL737887SBE11@EME,AGL,Business Standing Offer (No Exit Fee),STANDING,TIME_OF_USE,,,44.0,,False,https://www.energymadeeasy.gov.au/plan?id=AGL737887SBE11@EME
AGL205696SBE32@EME,AGL,Business Standing Offer (No Exit Fee),STANDING,TIME_OF_USE,,,44.0,,False,https://www.energymadeeasy.gov.au/plan?id=AGL205696SBE32@EME
AGL1189629MRE1@EME,AGL,Residential Smart Saver - New To AGL (No Exit Fee),MARKET,TIME_OF_USE,,,44.0,,False,https://www.energymadeeasy.gov.au/plan?id=AGL1189629MRE1@EME
AGL1189631SRE1@EME,AGL,Residential Standing Offer - No Exit Fee,STANDING,TIME_OF_USE,,,44.0,,False,https://www.energymadeeasy.gov.au/plan?id=AGL1189631SRE1@EME
AGL1189598MRE1@EME,AGL,Residential Smart Saver - New To AGL (No Exit Fee),MARKET,TIME_OF_USE,,,44.0,,False,https://www.energymadeeasy.gov.au/plan?id=AGL1189598MRE1@EME
AGL1189612MRE1@EME,AGL,Residential Smart Saver - New To AGL (No Exit Fee),MARKET,TIME_OF_USE,,,44.0,,False,https://www.energymadeeasy.gov.au/plan?id=AGL1189612MRE1@EME
AGL1123054SRE2@EME,AGL,Residential Solar Sharer Offer - No Exit Fee,STANDING,TIME_OF_USE,,,0.0,,False,https://www.energymadeeasy.gov.au/plan?id=AGL1123054SRE2@EME
AGL1175228MRE1@EME,AGL,Residential Three for Free - No Exit Fee,MARKET,TIME_OF_USE,,,15.0,,False,https://www.energymadeeasy.gov.au/plan?id=AGL1175228MRE1@EME
AGL1175153SRE2@EME,AGL,Residential Solar Sharer Offer - No Exit Fee,STANDING,TIME_OF_USE,,,,,False,https://www.energymadeeasy.gov.au/plan?id=AGL1175153SRE2@EME
AGL1175154SRE2@EME,AGL,Residential Solar Sharer Offer - No Exit Fee,STANDING,TIME_OF_USE,,,,,False,https://www.energymadeeasy.gov.au/plan?id=AGL1175154SRE2@EME
AGL1175234MRE1@EME,AGL,Residential Three for Free - No Exit Fee,MARKET,TIME_OF_USE,,,15.0,,False,https://www.energymadeeasy.gov.au/plan?id=AGL1175234MRE1@EME
AGL1175236MRE1@EME,AGL,Residential Three for Free - New to AGL,MARKET,TIME_OF_USE,,,15.0,,False,https://www.energymadeeasy.gov.au/plan?id=AGL1175236MRE1@EME
AGL1175237MRE1@EME,AGL,Residential Three for Free - New to AGL,MARKET,TIME_OF_USE,,,15.0,,False,https://www.energymadeeasy.gov.au/plan?id=AGL1175237MRE1@EME
AGL1175235MRE1@EME,AGL,Residential Three for Free - New to AGL,MARKET,TIME_OF_USE,,,15.0,,False,https://www.energymadeeasy.gov.au/plan?id=AGL1175235MRE1@EME
AGL1175233MRE1@EME,AGL,Residential Three for Free - No Exit Fee,MARKET,TIME_OF_USE,,,15.0,,False,https://www.energymadeeasy.gov.au/plan?id=AGL1175233MRE1@EME
AGL1067295MRE2@EME,AGL,Residential Smart Saver (No Exit Fee),MARKET,TIME_OF_USE,,,44.0,,False,https://www.energymadeeasy.gov.au/plan?id=AGL1067295MRE2@EME
AGL1067317MBE2@EME,AGL,Business Multi Property (No Exit Fee),MARKET,TIME_OF_USE,,,44.0,,False,https://www.energymadeeasy.gov.au/plan?id=AGL1067317MBE2@EME
AGL1067314MRE2@EME,AGL,Residential Smart Saver - Velocity New To AGL,MARKET,TIME_OF_USE,,,44.0,,False,https://www.energymadeeasy.gov.au/plan?id=AGL1067314MRE2@EME
AGL1067299MRE2@EME,AGL,Residential Solar Savers - 3rd Party,MARKET,TIME_OF_USE,,,8.0,,False,https://www.energymadeeasy.gov.au/plan?id=AGL1067299MRE2@EME
AGL1067322MBE2@EME,AGL,Business Multi Property (No Exit Fee),MARKET,TIME_OF_USE,,,44.0,,False,https://www.energymadeeasy.gov.au/plan?id=AGL1067322MBE2@EME
AGL1067303MRE2@EME,AGL,Residential Solar Savers (No Exit Fee),MARKET,TIME_OF_USE,,,8.0,,False,https://www.energymadeeasy.gov.au/plan?id=AGL1067303MRE2@EME
AGL1067309MRE2@EME,AGL,Residential Netflix Plan - New To AGL (No Exit Fee),MARKET,TIME_OF_USE,,,44.0,,False,https://www.energymadeeasy.gov.au/plan?id=AGL1067309MRE2@EME
AGL1067328MBE2@EME,AGL,Business Smart Saver - 3rd Party (No Exit Fee),MARKET,TIME_OF_USE,,,44.0,,False,https://www.energymadeeasy.gov.au/plan?id=AGL1067328MBE2@EME
AGL1067327SBE2@EME,AGL,Business Standing Offer (No Exit Fee),STANDING,TIME_OF_USE,,,44.0,,False,https://www.energymadeeasy.gov.au/plan?id=AGL1067327SBE2@EME
AGL1067326SBE2@EME,AGL,Business Standing Offer (No Exit Fee),STANDING,TIME_OF_USE,,,44.0,,False,https://www.energymadeeasy.gov.au/plan?id=AGL1067326SBE2@EME
AGL1067315MRE2@EME,AGL,Residential Smart Saver - BP Fuel New To AGL,MARKET,TIME_OF_USE,,,44.0,,False,https://www.energymadeeasy.gov.au/plan?id=AGL1067315MRE2@EME
AGL1067324SRE2@EME,AGL,Residential Standing Offer - No Exit Fee,STANDING,TIME_OF_USE,,,44.0,,False,https://www.energymadeeasy.gov.au/plan?id=AGL1067324SRE2@EME
AGL1067332MBE2@EME,AGL,Business Smart Saver (No Exit Fee),MARKET,TIME_OF_USE,,,44.0,,False,https://www.energymadeeasy.gov.au/plan?id=AGL1067332MBE2@EME
AGL1067297MRE2@EME,AGL,Residential Smart Saver - Westpac (No Exit Fee),MARKET,TIME_OF_USE,,,44.0,,False,https://www.energymadeeasy.gov.au/plan?id=AGL1067297MRE2@EME
AGL1067333MBE2@EME,AGL,Business Smart Saver (No Exit Fee),MARKET,TIME_OF_USE,,,44.0,,False,https://www.energymadeeasy.gov.au/plan?id=AGL1067333MBE2@EME
AGL1067325SBE2@EME,AGL,Business Standing Offer (No Exit Fee),STANDING,TIME_OF_USE,,,44.0,,False,https://www.energymadeeasy.gov.au/plan?id=AGL1067325SBE2@EME
AGL1067316MRE2@EME,AGL,Residential Smart Saver - Westpac (No Exit Fee),MARKET,TIME_OF_USE,,,44.0,,False,https://www.energymadeeasy.gov.au/plan?id=AGL1067316MRE2@EME
AGL1067329MBE2@EME,AGL,Business Smart Saver - 3rd Party (No Exit Fee),MARKET,TIME_OF_USE,,,44.0,,False,https://www.energymadeeasy.gov.au/plan?id=AGL1067329MBE2@EME
AGL1067291MRE2@EME,AGL,Residential Smart Saver - 3rd Party,MARKET,TIME_OF_USE,,,44.0,,False,https://www.energymadeeasy.gov.au/plan?id=AGL1067291MRE2@EME
AGL1067301MRE2@EME,AGL,Residential Solar Savers - New To AGL (No Exit Fee),MARKET,TIME_OF_USE,,,8.0,,False,https://www.energymadeeasy.gov.au/plan?id=AGL1067301MRE2@EME
AGL1067300MRE2@EME,AGL,Residential Smart Saver (No Exit Fee),MARKET,TIME_OF_USE,,,44.0,,False,https://www.energymadeeasy.gov.au/plan?id=AGL1067300MRE2@EME
AGL1067311MRE2@EME,AGL,Residential Seniors Saver - New To AGL (No Exit Fee),MARKET,TIME_OF_USE,,,44.0,,False,https://www.energymadeeasy.gov.au/plan?id=AGL1067311MRE2@EME
AGL1067296MRE2@EME,AGL,Residential Seniors Saver (No Exit Fee),MARKET,TIME_OF_USE,,,44.0,,False,https://www.energymadeeasy.gov.au/plan?id=AGL1067296MRE2@EME
AGL1067323MBE2@EME,AGL,Business Multi Property (No Exit Fee),MARKET,TIME_OF_USE,,,44.0,,False,https://www.energymadeeasy.gov.au/plan?id=AGL1067323MBE2@EME
AGL1067305MRE2@EME,AGL,Residential Solar Savers - New To AGL (No Exit Fee),MARKET,TIME_OF_USE,,,8.0,,False,https://www.energymadeeasy.gov.au/plan?id=AGL1067305MRE2@EME
AGL1067308MRE2@EME,AGL,Residential Netflix Plan - No Exit Fee,MARKET,TIME_OF_USE,,,44.0,,False,https://www.energymadeeasy.gov.au/plan?id=AGL1067308MRE2@EME
AGL1067293MRE2@EME,AGL,Residential Netflix Plan - 3rd Party No Exit Fee,MARKET,TIME_OF_USE,,,44.0,,False,https://www.energymadeeasy.gov.au/plan?id=AGL1067293MRE2@EME
AGL1067298MRE2@EME,AGL,Residential Solar Savers - 3rd Party,MARKET,TIME_OF_USE,,,8.0,,False,https://www.energymadeeasy.gov.au/plan?id=AGL1067298MRE2@EME
AGL1067294MRE2@EME,AGL,Residential Seniors Saver (No Exit Fee),MARKET,TIME_OF_USE,,,44.0,,False,https://www.energymadeeasy.gov.au/plan?id=AGL1067294MRE2@EME
AGL1067310MRE2@EME,AGL,Residential Seniors Saver - New To AGL (No Exit Fee),MARKET,TIME_OF_USE,,,44.0,,False,https://www.energymadeeasy.gov.au/plan?id=AGL1067310MRE2@EME
AGL1067312MRE2@EME,AGL,Residential Smart Saver - BP Fuel New To AGL,MARKET,TIME_OF_USE,,,44.0,,False,https://www.energymadeeasy.gov.au/plan?id=AGL1067312MRE2@EME
AGL1067307MRE2@EME,AGL,Residential Smart Saver - Velocity (No Exit Fee),MARKET,TIME_OF_USE,,,44.0,,False,https://www.energymadeeasy.gov.au/plan?id=AGL1067307MRE2@EME
AGL1067306MRE2@EME,AGL,Residential Smart Saver - Velocity New To AGL,MARKET,TIME_OF_USE,,,44.0,,False,https://www.energymadeeasy.gov.au/plan?id=AGL1067306MRE2@EME
AGL1067330MBE2@EME,AGL,Business Smart Saver - 3rd Party (No Exit Fee),MARKET,TIME_OF_USE,,,44.0,,False,https://www.energymadeeasy.gov.au/plan?id=AGL1067330MBE2@EME
AGL1067302MRE2@EME,AGL,Residential Smart Saver - BP Fuel,MARKET,TIME_OF_USE,,,44.0,,False,https://www.energymadeeasy.gov.au/plan?id=AGL1067302MRE2@EME
AGL1067331MBE2@EME,AGL,Business Smart Saver (No Exit Fee),MARKET,TIME_OF_USE,,,44.0,,False,https://www.energymadeeasy.gov.au/plan?id=AGL1067331MBE2@EME
AGL1067304MRE2@EME,AGL,Residential Smart Saver - BP Fuel,MARKET,TIME_OF_USE,,,44.0,,False,https://www.energymadeeasy.gov.au/plan?id=AGL1067304MRE2@EME
AGL1067313MRE2@EME,AGL,Residential Seniors Saver (No Exit Fee),MARKET,TIME_OF_USE,,,44.0,,False,https://www.energymadeeasy.gov.au/plan?id=AGL1067313MRE2@EME
AGL1067292MRE2@EME,AGL,Residential Smart Saver - Velocity (No Exit Fee),MARKET,TIME_OF_USE,,,44.0,,False,https://www.energymadeeasy.gov.au/plan?id=AGL1067292MRE2@EME
AGL1067280MRE2@EME,AGL,Residential Seniors Saver - New To AGL (No Exit Fee),MARKET,TIME_OF_USE,,,44.0,,False,https://www.energymadeeasy.gov.au/plan?id=AGL1067280MRE2@EME
AGL1067286MRE2@EME,AGL,Residential Smart Saver - BP Fuel,MARKET,TIME_OF_USE,,,44.0,,False,https://www.energymadeeasy.gov.au/plan?id=AGL1067286MRE2@EME
AGL1067285MRE2@EME,AGL,Residential Netflix Plan - New To AGL (No Exit Fee),MARKET,TIME_OF_USE,,,44.0,,False,https://www.energymadeeasy.gov.au/plan?id=AGL1067285MRE2@EME
AGL1067284MRE2@EME,AGL,Residential Solar Savers (No Exit Fee),MARKET,TIME_OF_USE,,,8.0,,False,https://www.energymadeeasy.gov.au/plan?id=AGL1067284MRE2@EME
AGL1067287MRE2@EME,AGL,Residential Smart Saver - Westpac New to AGL,MARKET,TIME_OF_USE,,,44.0,,False,https://www.energymadeeasy.gov.au/plan?id=AGL1067287MRE2@EME
AGL1067270MRE2@EME,AGL,Residential Smart Saver - Velocity (No Exit Fee),MARKET,TIME_OF_USE,,,44.0,,False,https://www.energymadeeasy.gov.au/plan?id=AGL1067270MRE2@EME
AGL1067272MRE2@EME,AGL,Residential Netflix Plan - New To AGL (No Exit Fee),MARKET,TIME_OF_USE,,,44.0,,False,https://www.energymadeeasy.gov.au/plan?id=AGL1067272MRE2@EME
AGL1067268MRE2@EME,AGL,Residential Seniors Saver (No Exit Fee),MARKET,TIME_OF_USE,,,44.0,,False,https://www.energymadeeasy.gov.au/plan?id=AGL1067268MRE2@EME
AGL1067279MRE2@EME,AGL,Residential Solar Savers - 3rd Party,MARKET,TIME_OF_USE,,,8.0,,False,https://www.energymadeeasy.gov.au/plan?id=AGL1067279MRE2@EME
AGL1067282MRE2@EME,AGL,Residential Netflix Plan - 3rd Party No Exit Fee,MARKET,TIME_OF_USE,,,44.0,,False,https://www.energymadeeasy.gov.au/plan?id=AGL1067282MRE2@EME
AGL1055639MRE4@EME,AGL,Residential Smart Saver - New To AGL (No Exit Fee),MARKET,SINGLE_RATE,,36.19,44.0,,False,https://www.energymadeeasy.gov.au/plan?id=AGL1055639MRE4@EME
AGL1067263SRE2@EME,AGL,Residential Standing Offer - No Exit Fee,STANDING,TIME_OF_USE,,,44.0,,False,https://www.energymadeeasy.gov.au/plan?id=AGL1067263SRE2@EME
AGL1067276MRE2@EME,AGL,Residential Smart Saver - Velocity New To AGL,MARKET,TIME_OF_USE,,,44.0,,False,https://www.energymadeeasy.gov.au/plan?id=AGL1067276MRE2@EME
AGL1067269MRE2@EME,AGL,Residential Smart Saver - 3rd Party,MARKET,TIME_OF_USE,,,44.0,,False,https://www.energymadeeasy.gov.au/plan?id=AGL1067269MRE2@EME
AGL1067273MRE2@EME,AGL,Residential Solar Savers (No Exit Fee),MARKET,TIME_OF_USE,,,8.0,,False,https://www.energymadeeasy.gov.au/plan?id=AGL1067273MRE2@EME
AGL1067289MRE2@EME,AGL,Residential Smart Saver - 3rd Party,MARKET,TIME_OF_USE,,,44.0,,False,https://www.energymadeeasy.gov.au/plan?id=AGL1067289MRE2@EME
AGL1067290MRE2@EME,AGL,Residential Solar Savers - New To AGL (No Exit Fee),MARKET,TIME_OF_USE,,,8.0,,False,https://www.energymadeeasy.gov.au/plan?id=AGL1067290MRE2@EME
AGL1067271MRE2@EME,AGL,Residential Smart Saver - BP Fuel New To AGL,MARKET,TIME_OF_USE,,,44.0,,False,https://www.energymadeeasy.gov.au/plan?id=AGL1067271MRE2@EME
AGL1067277MRE2@EME,AGL,Residential Smart Saver - Westpac New to AGL,MARKET,TIME_OF_USE,,,44.0,,False,https://www.energymadeeasy.gov.au/plan?id=AGL1067277MRE2@EME
AGL1067283MRE2@EME,AGL,Residential Netflix Plan - No Exit Fee,MARKET,TIME_OF_USE,,,44.0,,False,https://www.energymadeeasy.gov.au/plan?id=AGL1067283MRE2@EME
AGL1067288MRE2@EME,AGL,Residential Smart Saver - Westpac (No Exit Fee),MARKET,TIME_OF_USE,,,44.0,,False,https://www.energymadeeasy.gov.au/plan?id=AGL1067288MRE2@EME
AGL1067274MRE2@EME,AGL,Residential Netflix Plan - No Exit Fee,MARKET,TIME_OF_USE,,,44.0,,False,https://www.energymadeeasy.gov.au/plan?id=AGL1067274MRE2@EME
AGL1067275MRE2@EME,AGL,Residential Smart Saver - Westpac New to AGL,MARKET,TIME_OF_USE,,,44.0,,False,https://www.energymadeeasy.gov.au/plan?id=AGL1067275MRE2@EME
AGL1067281MRE2@EME,AGL,Residential Smart Saver (No Exit Fee),MARKET,TIME_OF_USE,,,44.0,,False,https://www.energymadeeasy.gov.au/plan?id=AGL1067281MRE2@EME
AGL1067278MRE2@EME,AGL,Residential Netflix Plan - 3rd Party No Exit Fee,MARKET,TIME_OF_USE,,,44.0,,False,https://www.energymadeeasy.gov.au/plan?id=AGL1067278MRE2@EME
AGL1055694MRE3@EME,AGL,Residential Seniors Saver (No Exit Fee),MARKET,SINGLE_RATE,,34.67,44.0,,False,https://www.energymadeeasy.gov.au/plan?id=AGL1055694MRE3@EME
AGL1055692MRE3@EME,AGL,Residential Smart Saver - Westpac (No Exit Fee),MARKET,SINGLE_RATE,,36.19,44.0,,False,https://www.energymadeeasy.gov.au/plan?id=AGL1055692MRE3@EME
AGL1055679MRE3@EME,AGL,Residential Smart Saver - BP Fuel,MARKET,SINGLE_RATE,,36.19,44.0,,False,https://www.energymadeeasy.gov.au/plan?id=AGL1055679MRE3@EME
AGL1055674MRE3@EME,AGL,Residential Smart Saver (No Exit Fee),MARKET,SINGLE_RATE,,36.19,44.0,,False,https://www.energymadeeasy.gov.au/plan?id=AGL1055674MRE3@EME
AGL1055659MRE4@EME,AGL,Residential Seniors Saver - New To AGL (No Exit Fee),MARKET,SINGLE_RATE,,34.67,44.0,,False,https://www.energymadeeasy.gov.au/plan?id=AGL1055659MRE4@EME
AGL1055690MRE3@EME,AGL,Residential Smart Saver - Westpac (No Exit Fee),MARKET,SINGLE_RATE,,36.19,44.0,,False,https://www.energymadeeasy.gov.au/plan?id=AGL1055690MRE3@EME
AGL1055723MRE3@EME,AGL,Residential Solar Savers - 3rd Party,MARKET,SINGLE_RATE,,38.1,8.0,,False,https://www.energymadeeasy.gov.au/plan?id=AGL1055723MRE3@EME
AGL1055662MRE4@EME,AGL,Residential Netflix Plan - New To AGL (No Exit Fee),MARKET,SINGLE_RATE,,36.19,44.0,,False,https://www.energymadeeasy.gov.au/plan?id=AGL1055662MRE4@EME
AGL1055696MRE3@EME,AGL,Residential Seniors Saver (No Exit Fee),MARKET,SINGLE_RATE,,34.67,44.0,,False,https://www.energymadeeasy.gov.au/plan?id=AGL1055696MRE3@EME
AGL1055710MRE3@EME,AGL,Residential Smart Saver - 3rd Party,MARKET,SINGLE_RATE,,36.19,44.0,,False,https://www.energymadeeasy.gov.au/plan?id=AGL1055710MRE3@EME
AGL1055700MRE3@EME,AGL,Residential Netflix Plan - No Exit Fee,MARKET,SINGLE_RATE,,36.19,44.0,,False,https://www.energymadeeasy.gov.au/plan?id=AGL1055700MRE3@EME
AGL1055642MRE4@EME,AGL,Residential Smart Saver - BP Fuel New To AGL,MARKET,SINGLE_RATE,,36.19,44.0,,False,https://www.energymadeeasy.gov.au/plan?id=AGL1055642MRE4@EME
AGL1055686MRE3@EME,AGL,Residential Smart Saver - Velocity (No Exit Fee),MARKET,SINGLE_RATE,,36.19,44.0,,False,https://www.energymadeeasy.gov.au/plan?id=AGL1055686MRE3@EME
AGL1055714MRE3@EME,AGL,Residential Smart Saver - 3rd Party,MARKET,SINGLE_RATE,,36.19,44.0,,False,https://www.energymadeeasy.gov.au/plan?id=AGL1055714MRE3@EME
AGL1055704MRE3@EME,AGL,Residential Netflix Plan - No Exit Fee,MARKET,SINGLE_RATE,,36.19,44.0,,False,https://www.energymadeeasy.gov.au/plan?id=AGL1055704MRE3@EME
AGL1055660MRE4@EME,AGL,Residential Netflix Plan - New To AGL (No Exit Fee),MARKET,SINGLE_RATE,,36.19,44.0,,False,https://www.energymadeeasy.gov.au/plan?id=AGL1055660MRE4@EME
AGL1055684MRE3@EME,AGL,Residential Smart Saver - Velocity (No Exit Fee),MARKET,SINGLE_RATE,,36.19,44.0,,False,https://www.energymadeeasy.gov.au/plan?id=AGL1055684MRE3@EME
AGL1055640MRE4@EME,AGL,Residential Smart Saver - BP Fuel New To AGL,MARKET,SINGLE_RATE,,36.19,44.0,,False,https://www.energymadeeasy.gov.au/plan?id=AGL1055640MRE4@EME
AGL1055678MRE3@EME,AGL,Residential Smart Saver (No Exit Fee),MARKET,SINGLE_RATE,,36.19,44.0,,False,https://www.energymadeeasy.gov.au/plan?id=AGL1055678MRE3@EME
AGL1055720MRE3@EME,AGL,Residential Solar Savers - 3rd Party,MARKET,SINGLE_RATE,,38.1,8.0,,False,https://www.energymadeeasy.gov.au/plan?id=AGL1055720MRE3@EME
AGL1055682MRE3@EME,AGL,Residential Smart Saver - BP Fuel,MARKET,SINGLE_RATE,,36.19,44.0,,False,https://www.energymadeeasy.gov.au/plan?id=AGL1055682MRE3@EME
AGL1055653MRE4@EME,AGL,Residential Smart Saver - Westpac New to AGL,MARKET,SINGLE_RATE,,36.19,44.0,,False,https://www.energymadeeasy.gov.au/plan?id=AGL1055653MRE4@EME
AGL1055669MRE4@EME,AGL,Residential Solar Savers - New To AGL (No Exit Fee),MARKET,SINGLE_RATE,,38.1,8.0,,False,https://www.energymadeeasy.gov.au/plan?id=AGL1055669MRE4@EME
AGL1055648MRE4@EME,AGL,Residential Smart Saver - Velocity New To AGL,MARKET,SINGLE_RATE,,36.19,44.0,,False,https://www.energymadeeasy.gov.au/plan?id=AGL1055648MRE4@EME
AGL1055666MRE4@EME,AGL,Residential Solar Savers - New To AGL (No Exit Fee),MARKET,SINGLE_RATE,,38.1,8.0,,False,https://www.energymadeeasy.gov.au/plan?id=AGL1055666MRE4@EME
AGL1055651MRE4@EME,AGL,Residential Smart Saver - Westpac New to AGL,MARKET,SINGLE_RATE,,36.19,44.0,,False,https://www.energymadeeasy.gov.au/plan?id=AGL1055651MRE4@EME
AGL1055709MRE3@EME,AGL,Residential Solar Savers (No Exit Fee),MARKET,SINGLE_RATE,,38.1,8.0,,False,https://www.energymadeeasy.gov.au/plan?id=AGL1055709MRE3@EME
AGL1055716MRE3@EME,AGL,Residential Netflix Plan - 3rd Party No Exit Fee,MARKET,SINGLE_RATE,,36.19,44.0,,False,https://www.energymadeeasy.gov.au/plan?id=AGL1055716MRE3@EME
AGL1055715MRE3@EME,AGL,Residential Netflix Plan - 3rd Party No Exit Fee,MARKET,SINGLE_RATE,,36.19,44.0,,False,https://www.energymadeeasy.gov.au/plan?id=AGL1055715MRE3@EME
AGL1055706MRE3@EME,AGL,Residential Solar Savers (No Exit Fee),MARKET,SINGLE_RATE,,38.1,8.0,,False,https://www.energymadeeasy.gov.au/plan?id=AGL1055706MRE3@EME
AGL1055647MRE4@EME,AGL,Residential Smart Saver - Velocity New To AGL,MARKET,SINGLE_RATE,,36.19,44.0,,False,https://www.energymadeeasy.gov.au/plan?id=AGL1055647MRE4@EME
AGL1055637MRE4@EME,AGL,Residential Smart Saver - New To AGL (No Exit Fee),MARKET,SINGLE_RATE,,36.19,44.0,,False,https://www.energymadeeasy.gov.au/plan?id=AGL1055637MRE4@EME
AGL1055658MRE4@EME,AGL,Residential Seniors Saver - New To AGL (No Exit Fee),MARKET,SINGLE_RATE,,34.67,44.0,,False,https://www.energymadeeasy.gov.au/plan?id=AGL1055658MRE4@EME
AGL1059373MBE3@EME,AGL,Business Multi Property (No Exit Fee),MARKET,TIME_OF_USE,,,44.0,,False,https://www.energymadeeasy.gov.au/plan?id=AGL1059373MBE3@EME
AGL1059374MBE3@EME,AGL,Business Multi Property (No Exit Fee),MARKET,SINGLE_RATE,,35.87,44.0,,False,https://www.energymadeeasy.gov.au/plan?id=AGL1059374MBE3@EME
AGL1059379MBE3@EME,AGL,Business Multi Property (No Exit Fee),MARKET,SINGLE_RATE,,35.87,44.0,,False,https://www.energymadeeasy.gov.au/plan?id=AGL1059379MBE3@EME
AGL1059359MBE3@EME,AGL,Business Multi Property (No Exit Fee),MARKET,TIME_OF_USE,,,44.0,,False,https://www.energymadeeasy.gov.au/plan?id=AGL1059359MBE3@EME
ENE360418MRE29@EME,EnergyAustralia,Solar Max,MARKET,SINGLE_RATE,,38.1002,8.0,,False,https://www.energymadeeasy.gov.au/plan?id=ENE360418MRE29@EME
ENE379811MRE26@EME,EnergyAustralia,Flexi Plan,MARKET,TIME_OF_USE,,,44.0,,False,https://www.energymadeeasy.gov.au/plan?id=ENE379811MRE26@EME
ENE360429MRE29@EME,EnergyAustralia,Solar Max,MARKET,SINGLE_RATE,,38.1002,8.0,,False,https://www.energymadeeasy.gov.au/plan?id=ENE360429MRE29@EME
ENE360412MRE29@EME,EnergyAustralia,Solar Max,MARKET,TIME_OF_USE,,,8.0,,False,https://www.energymadeeasy.gov.au/plan?id=ENE360412MRE29@EME
ENE234178MBE30@EME,EnergyAustralia,Business Rate Fix  - 5 Day Time of Use,MARKET,TIME_OF_USE,,,44.0,,False,https://www.energymadeeasy.gov.au/plan?id=ENE234178MBE30@EME
ENE252034MBE31@EME,EnergyAustralia,Business Balance Plan 12 - 7 Day Time of Use,MARKET,TIME_OF_USE,,,44.0,,False,https://www.energymadeeasy.gov.au/plan?id=ENE252034MBE31@EME
ENE32428SBE29@EME,EnergyAustralia,Standing Offer Business - Peak with CL 1 & 2,STANDING,SINGLE_RATE,,40.768,44.0,,False,https://www.energymadeeasy.gov.au/plan?id=ENE32428SBE29@EME
ENE234198MBE30@EME,EnergyAustralia,Business Rate Fix  - 7 Day Time of Use,MARKET,TIME_OF_USE,,,44.0,,False,https://www.energymadeeasy.gov.au/plan?id=ENE234198MBE30@EME
ENE247405SRE31@EME,EnergyAustralia,Standing Offer (Home),STANDING,TIME_OF_USE,,,44.0,,False,https://www.energymadeeasy.gov.au/plan?id=ENE247405SRE31@EME
ENE252018MBE32@EME,EnergyAustralia,Business Balance Plan 12 - Peak Only,MARKET,SINGLE_RATE,,40.768,44.0,,False,https://www.energymadeeasy.gov.au/plan?id=ENE252018MBE32@EME
ENE252026MBE31@EME,EnergyAustralia,Business Balance Plan 12 - 5 Day Time of Use,MARKET,TIME_OF_USE,,,44.0,,False,https://www.energymadeeasy.gov.au/plan?id=ENE252026MBE31@EME
ENE252010MBE32@EME,EnergyAustralia,Business Balance Plan 12 - Peak with CL,MARKET,SINGLE_RATE,,40.768,44.0,,False,https://www.energymadeeasy.gov.au/plan?id=ENE252010MBE32@EME
ENE32487SBE29@EME,EnergyAustralia,Standing Offer Business - 5 Day Time of Use,STANDING,TIME_OF_USE,,,44.0,,False,https://www.energymadeeasy.gov.au/plan?id=ENE32487SBE29@EME
ENE996209MRE6@EME,EnergyAustralia,Balance Plan - My Connect,MARKET,SINGLE_RATE,,38.1002,44.0,,False,https://www.energymadeeasy.gov.au/plan?id=ENE996209MRE6@EME
ENE234175MBE30@EME,EnergyAustralia,Business Rate Fix  - Peak with CL,MARKET,SINGLE_RATE,,40.768,44.0,,False,https://www.energymadeeasy.gov.au/plan?id=ENE234175MBE30@EME
ENE996210MRE7@EME,EnergyAustralia,Balance Plan - Residential Connections,MARKET,TIME_OF_USE,,,44.0,,False,https://www.energymadeeasy.gov.au/plan?id=ENE996210MRE7@EME
ENE19219SRE42@EME,EnergyAustralia,Standing Offer (Home),STANDING,SINGLE_RATE,,38.1002,44.0,,False,https://www.energymadeeasy.gov.au/plan?id=ENE19219SRE42@EME
ENE234174MBE30@EME,EnergyAustralia,Business Rate Fix - Peak Only,MARKET,SINGLE_RATE,,40.768,44.0,,False,https://www.energymadeeasy.gov.au/plan?id=ENE234174MBE30@EME
ENE1085070SBE3@EME,EnergyAustralia,Standing Offer Business - Peak Only,STANDING,SINGLE_RATE,,40.768,44.0,,False,https://www.energymadeeasy.gov.au/plan?id=ENE1085070SBE3@EME
ENE120649SBE24@EME,EnergyAustralia,Standing Offer Business - 7 Day Time of Use,STANDING,TIME_OF_USE,,,44.0,,False,https://www.energymadeeasy.gov.au/plan?id=ENE120649SBE24@EME
ENE996212MRE6@EME,EnergyAustralia,Balance Plan - Residential Connections,MARKET,SINGLE_RATE,,38.1002,44.0,,False,https://www.energymadeeasy.gov.au/plan?id=ENE996212MRE6@EME
ENE996211MRE6@EME,EnergyAustralia,Balance Plan - Residential Connections,MARKET,TIME_OF_USE,,,44.0,,False,https://www.energymadeeasy.gov.au/plan?id=ENE996211MRE6@EME
ENE996206MRE6@EME,EnergyAustralia,Balance Plan - My Connect,MARKET,TIME_OF_USE,,,44.0,,False,https://www.energymadeeasy.gov.au/plan?id=ENE996206MRE6@EME
ENE996207MRE6@EME,EnergyAustralia,Balance Plan - My Connect,MARKET,TIME_OF_USE,,,44.0,,False,https://www.energymadeeasy.gov.au/plan?id=ENE996207MRE6@EME
ENE996208MRE6@EME,EnergyAustralia,Balance Plan - My Connect,MARKET,SINGLE_RATE,,38.1002,44.0,,False,https://www.energymadeeasy.gov.au/plan?id=ENE996208MRE6@EME
ENE996213MRE6@EME,EnergyAustralia,Balance Plan - Residential Connections,MARKET,SINGLE_RATE,,38.1002,44.0,,False,https://www.energymadeeasy.gov.au/plan?id=ENE996213MRE6@EME
ENE19189SRE42@EME,EnergyAustralia,Standing Offer (Home),STANDING,SINGLE_RATE,,38.1002,44.0,,False,https://www.energymadeeasy.gov.au/plan?id=ENE19189SRE42@EME
ENE1147744SRE3@EME,EnergyAustralia,Standing Offer Solar Sharer,STANDING,TIME_OF_USE,,,44.0,,False,https://www.energymadeeasy.gov.au/plan?id=ENE1147744SRE3@EME
ENE1147745SRE3@EME,EnergyAustralia,Standing Offer Solar Sharer,STANDING,TIME_OF_USE,,,44.0,,False,https://www.energymadeeasy.gov.au/plan?id=ENE1147745SRE3@EME
ENE94153SRE35@EME,EnergyAustralia,Standing Offer (Home),STANDING,TIME_OF_USE,,,44.0,,False,https://www.energymadeeasy.gov.au/plan?id=ENE94153SRE35@EME
ENE681811MRE14@EME,EnergyAustralia,Rate Fix,MARKET,TIME_OF_USE,,,44.0,,False,https://www.energymadeeasy.gov.au/plan?id=ENE681811MRE14@EME
ENE681819MRE14@EME,EnergyAustralia,Rate Fix,MARKET,TIME_OF_USE,,,44.0,,False,https://www.energymadeeasy.gov.au/plan?id=ENE681819MRE14@EME
ENE743525MBE19@EME,EnergyAustralia,Business Balance Plan 12 - 7 Day Time of Use Demand,MARKET,TIME_OF_USE,,,44.0,,False,https://www.energymadeeasy.gov.au/plan?id=ENE743525MBE19@EME
ENE743545MBE21@EME,EnergyAustralia,Business Rate Fix  - 7 Day Time of Use Demand,MARKET,TIME_OF_USE,,,44.0,,False,https://www.energymadeeasy.gov.au/plan?id=ENE743545MBE21@EME
ENE743520SBE16@EME,EnergyAustralia,Standing Offer Business - 7 Day Time of Use Demand,STANDING,TIME_OF_USE,,,44.0,,False,https://www.energymadeeasy.gov.au/plan?id=ENE743520SBE16@EME
ENE681802MRE14@EME,EnergyAustralia,Rate Fix,MARKET,SINGLE_RATE,,38.1002,44.0,,False,https://www.energymadeeasy.gov.au/plan?id=ENE681802MRE14@EME
ENE676768MRE14@EME,EnergyAustralia,Balance Plan - Third Party Offer,MARKET,TIME_OF_USE,,,44.0,,False,https://www.energymadeeasy.gov.au/plan?id=ENE676768MRE14@EME
ENE676769MRE13@EME,EnergyAustralia,Balance Plan - Third Party Offer,MARKET,SINGLE_RATE,,38.1002,44.0,,False,https://www.energymadeeasy.gov.au/plan?id=ENE676769MRE13@EME
ENE676774MRE13@EME,EnergyAustralia,Balance Plan - Connect Now,MARKET,SINGLE_RATE,,38.1002,44.0,,False,https://www.energymadeeasy.gov.au/plan?id=ENE676774MRE13@EME
ENE676773MRE13@EME,EnergyAustralia,Balance Plan - Connect Now,MARKET,TIME_OF_USE,,,44.0,,False,https://www.energymadeeasy.gov.au/plan?id=ENE676773MRE13@EME
ENE681809MRE14@EME,EnergyAustralia,Rate Fix,MARKET,SINGLE_RATE,,38.1002,44.0,,False,https://www.energymadeeasy.gov.au/plan?id=ENE681809MRE14@EME
ENE676771MRE13@EME,EnergyAustralia,Balance Plan - Connect Now,MARKET,SINGLE_RATE,,38.1002,44.0,,False,https://www.energymadeeasy.gov.au/plan?id=ENE676771MRE13@EME
ENE676762MRE13@EME,EnergyAustralia,Balance Plan - Third Party Offer,MARKET,TIME_OF_USE,,,44.0,,False,https://www.energymadeeasy.gov.au/plan?id=ENE676762MRE13@EME
ENE676772MRE13@EME,EnergyAustralia,Balance Plan - Connect Now,MARKET,TIME_OF_USE,,,44.0,,False,https://www.energymadeeasy.gov.au/plan?id=ENE676772MRE13@EME
ENE676761MRE13@EME,EnergyAustralia,Balance Plan - Third Party Offer,MARKET,SINGLE_RATE,,38.1002,44.0,,False,https://www.energymadeeasy.gov.au/plan?id=ENE676761MRE13@EME
ENE379843MRE25@EME,EnergyAustralia,Flexi Plan,MARKET,SINGLE_RATE,,38.1002,44.0,,False,https://www.energymadeeasy.gov.au/plan?id=ENE379843MRE25@EME
ENE379838MRE25@EME,EnergyAustralia,Flexi Plan,MARKET,TIME_OF_USE,,,44.0,,False,https://www.energymadeeasy.gov.au/plan?id=ENE379838MRE25@EME
ENE379831MRE25@EME,EnergyAustralia,Flexi Plan,MARKET,SINGLE_RATE,,38.1002,44.0,,False,https://www.energymadeeasy.gov.au/plan?id=ENE379831MRE25@EME
ENE360428MRE29@EME,EnergyAustralia,Solar Max,MARKET,TIME_OF_USE,,,8.0,,False,https://www.energymadeeasy.gov.au/plan?id=ENE360428MRE29@EME
ENG1118358SRE2@EME,ENGIE,SA ENGIE SOHO Solar Sharer Standing,STANDING,TIME_OF_USE,,,45.0,,False,https://www.energymadeeasy.gov.au/plan?id=ENG1118358SRE2@EME
ENG1118357SRE2@EME,ENGIE,SA ENGIE SOHO Solar Sharer Standing,STANDING,TIME_OF_USE,,,45.0,,False,https://www.energymadeeasy.gov.au/plan?id=ENG1118357SRE2@EME
ENG1118355SRE3@EME,ENGIE,SA ENGIE SOHO Solar Sharer Standing,STANDING,TIME_OF_USE,,,45.0,,False,https://www.energymadeeasy.gov.au/plan?id=ENG1118355SRE3@EME
ENG1118356SRE3@EME,ENGIE,SA ENGIE SOHO Solar Sharer Standing,STANDING,TIME_OF_USE,,,45.0,,False,https://www.energymadeeasy.gov.au/plan?id=ENG1118356SRE3@EME
ENG1165813MRE1@EME,ENGIE,SA ENGIE Everyday Plus Elec,MARKET,TIME_OF_USE,,,45.0,,False,https://www.energymadeeasy.gov.au/plan?id=ENG1165813MRE1@EME
ENG1165812MRE1@EME,ENGIE,SA ENGIE Everyday Plus Elec,MARKET,SINGLE_RATE,,38.1,45.0,,False,https://www.energymadeeasy.gov.au/plan?id=ENG1165812MRE1@EME
ENG1165819MRE1@EME,ENGIE,SA ENGIE Perks Plus Elec,MARKET,TIME_OF_USE,,,45.0,,False,https://www.energymadeeasy.gov.au/plan?id=ENG1165819MRE1@EME
ENG1165816MRE1@EME,ENGIE,SA ENGIE Perks Plus Elec,MARKET,SINGLE_RATE,,38.1,45.0,,False,https://www.energymadeeasy.gov.au/plan?id=ENG1165816MRE1@EME
ENG1165817MRE1@EME,ENGIE,SA ENGIE Perks Plus Elec,MARKET,SINGLE_RATE,,38.1,45.0,,False,https://www.energymadeeasy.gov.au/plan?id=ENG1165817MRE1@EME
ENG1165818MRE1@EME,ENGIE,SA ENGIE Perks Plus Elec,MARKET,TIME_OF_USE,,,45.0,,False,https://www.energymadeeasy.gov.au/plan?id=ENG1165818MRE1@EME
ENG1165811MRE1@EME,ENGIE,SA ENGIE Everyday Plus Elec,MARKET,SINGLE_RATE,,38.1,45.0,,False,https://www.energymadeeasy.gov.au/plan?id=ENG1165811MRE1@EME
ENG1165814MRE1@EME,ENGIE,SA ENGIE Everyday Plus Elec,MARKET,TIME_OF_USE,,,45.0,,False,https://www.energymadeeasy.gov.au/plan?id=ENG1165814MRE1@EME
ENG1159315MRE1@EME,ENGIE,SA_ENGIE Everyday Plus Elec,MARKET,TIME_OF_USE,,,45.0,,False,https://www.energymadeeasy.gov.au/plan?id=ENG1159315MRE1@EME
ENG1159284MRE1@EME,ENGIE,SA ENGIE - Solar Elec,MARKET,TIME_OF_USE,,,8.0,,False,https://www.energymadeeasy.gov.au/plan?id=ENG1159284MRE1@EME
ENG1159299MRE1@EME,ENGIE,SA ENGIE - Movers Elec,MARKET,TIME_OF_USE,,,45.0,,False,https://www.energymadeeasy.gov.au/plan?id=ENG1159299MRE1@EME
ENG1159312MRE1@EME,ENGIE,SA_ENGIE Everyday Plus Elec,MARKET,SINGLE_RATE,,38.1,45.0,,False,https://www.energymadeeasy.gov.au/plan?id=ENG1159312MRE1@EME
ENG1159308MRE1@EME,ENGIE,SA ENGIE - Perks Elec,MARKET,SINGLE_RATE,,38.1,45.0,,False,https://www.energymadeeasy.gov.au/plan?id=ENG1159308MRE1@EME
ENG1159309MRE1@EME,ENGIE,SA ENGIE - Perks Elec,MARKET,TIME_OF_USE,,,45.0,,False,https://www.energymadeeasy.gov.au/plan?id=ENG1159309MRE1@EME
ENG1159285MRE1@EME,ENGIE,SA ENGIE - Solar Elec,MARKET,TIME_OF_USE,,,8.0,,False,https://www.energymadeeasy.gov.au/plan?id=ENG1159285MRE1@EME
ENG1159314MRE1@EME,ENGIE,SA_ENGIE Everyday Plus Elec,MARKET,TIME_OF_USE,,,45.0,,False,https://www.energymadeeasy.gov.au/plan?id=ENG1159314MRE1@EME
ENG1159282MRE1@EME,ENGIE,SA ENGIE - Solar Elec,MARKET,SINGLE_RATE,,38.1,8.0,,False,https://www.energymadeeasy.gov.au/plan?id=ENG1159282MRE1@EME
ENG1159313MRE1@EME,ENGIE,SA_ENGIE Everyday Plus Elec,MARKET,SINGLE_RATE,,38.1,45.0,,False,https://www.energymadeeasy.gov.au/plan?id=ENG1159313MRE1@EME
ENG1159310MRE1@EME,ENGIE,SA ENGIE - Perks Elec,MARKET,TIME_OF_USE,,,45.0,,False,https://www.energymadeeasy.gov.au/plan?id=ENG1159310MRE1@EME
ENG1159283MRE1@EME,ENGIE,SA ENGIE - Solar Elec,MARKET,SINGLE_RATE,,38.1,8.0,,False,https://www.energymadeeasy.gov.au/plan?id=ENG1159283MRE1@EME
ENG1159288MRE1@EME,ENGIE,SA ENGIE - Seniors Elec,MARKET,SINGLE_RATE,,38.1,45.0,,False,https://www.energymadeeasy.gov.au/plan?id=ENG1159288MRE1@EME
ENG1159300MRE1@EME,ENGIE,SA ENGIE - Movers Elec,MARKET,TIME_OF_USE,,,45.0,,False,https://www.energymadeeasy.gov.au/plan?id=ENG1159300MRE1@EME
ENG1159298MRE1@EME,ENGIE,SA ENGIE - Movers Elec,MARKET,SINGLE_RATE,,38.1,45.0,,False,https://www.energymadeeasy.gov.au/plan?id=ENG1159298MRE1@EME
ENG1159268MRE1@EME,ENGIE,SA ENGIE - Everyday Elec,MARKET,SINGLE_RATE,,38.1,45.0,,False,https://www.energymadeeasy.gov.au/plan?id=ENG1159268MRE1@EME
ENG1159280MRE1@EME,ENGIE,SA ENGIE - GreenPower _Elec,MARKET,TIME_OF_USE,,,45.0,,False,https://www.energymadeeasy.gov.au/plan?id=ENG1159280MRE1@EME
ENG1159269MRE1@EME,ENGIE,SA ENGIE - Everyday Elec,MARKET,SINGLE_RATE,,38.1,45.0,,False,https://www.energymadeeasy.gov.au/plan?id=ENG1159269MRE1@EME
ENG1159275MRE1@EME,ENGIE,SA ENGIE - GreenPower Elec,MARKET,TIME_OF_USE,,,45.0,,False,https://www.energymadeeasy.gov.au/plan?id=ENG1159275MRE1@EME
ENG1159278MRE1@EME,ENGIE,SA ENGIE - GreenPower _Elec,MARKET,SINGLE_RATE,,38.1,45.0,,False,https://www.energymadeeasy.gov.au/plan?id=ENG1159278MRE1@EME
ENG1159271MRE1@EME,ENGIE,SA ENGIE - Everyday Elec,MARKET,TIME_OF_USE,,,45.0,,False,https://www.energymadeeasy.gov.au/plan?id=ENG1159271MRE1@EME
ENG1159273MRE1@EME,ENGIE,SA ENGIE - GreenPower Elec,MARKET,SINGLE_RATE,,38.1,45.0,,False,https://www.energymadeeasy.gov.au/plan?id=ENG1159273MRE1@EME
ENG1159287MRE1@EME,ENGIE,SA ENGIE - Seniors Elec,MARKET,SINGLE_RATE,,38.1,45.0,,False,https://www.energymadeeasy.gov.au/plan?id=ENG1159287MRE1@EME
ENG1159297MRE1@EME,ENGIE,SA ENGIE - Movers Elec,MARKET,SINGLE_RATE,,38.1,45.0,,False,https://www.energymadeeasy.gov.au/plan?id=ENG1159297MRE1@EME
ENG1159290MRE1@EME,ENGIE,SA ENGIE - Seniors Elec,MARKET,TIME_OF_USE,,,45.0,,False,https://www.energymadeeasy.gov.au/plan?id=ENG1159290MRE1@EME
ENG1159277MRE1@EME,ENGIE,SA ENGIE - GreenPower _Elec,MARKET,SINGLE_RATE,,38.1,45.0,,False,https://www.energymadeeasy.gov.au/plan?id=ENG1159277MRE1@EME
ENG1159307MRE1@EME,ENGIE,SA ENGIE - Perks Elec,MARKET,SINGLE_RATE,,38.1,45.0,,False,https://www.energymadeeasy.gov.au/plan?id=ENG1159307MRE1@EME
ENG1159279MRE1@EME,ENGIE,SA ENGIE - GreenPower _Elec,MARKET,TIME_OF_USE,,,45.0,,False,https://www.energymadeeasy.gov.au/plan?id=ENG1159279MRE1@EME
ENG1159274MRE1@EME,ENGIE,SA ENGIE - GreenPower Elec,MARKET,SINGLE_RATE,,38.1,45.0,,False,https://www.energymadeeasy.gov.au/plan?id=ENG1159274MRE1@EME
ENG1159289MRE1@EME,ENGIE,SA ENGIE - Seniors Elec,MARKET,TIME_OF_USE,,,45.0,,False,https://www.energymadeeasy.gov.au/plan?id=ENG1159289MRE1@EME
ENG1159276MRE1@EME,ENGIE,SA ENGIE - GreenPower Elec,MARKET,TIME_OF_USE,,,45.0,,False,https://www.energymadeeasy.gov.au/plan?id=ENG1159276MRE1@EME
ENG1159270MRE1@EME,ENGIE,SA ENGIE - Everyday Elec,MARKET,TIME_OF_USE,,,45.0,,False,https://www.energymadeeasy.gov.au/plan?id=ENG1159270MRE1@EME
ENG1111442MRE2@EME,ENGIE,SA _ ENGIE Movie Perks Elec,MARKET,TIME_OF_USE,,,45.0,,False,https://www.energymadeeasy.gov.au/plan?id=ENG1111442MRE2@EME
ENG1118352SRE2@EME,ENGIE,SA ENGIE Solar Sharer Standing Elec,STANDING,TIME_OF_USE,,,45.0,,False,https://www.energymadeeasy.gov.au/plan?id=ENG1118352SRE2@EME
ENG1118351SRE2@EME,ENGIE,SA ENGIE Solar Sharer Standing Elec,STANDING,TIME_OF_USE,,,45.0,,False,https://www.energymadeeasy.gov.au/plan?id=ENG1118351SRE2@EME
ENG1111443MRE2@EME,ENGIE,SA _ ENGIE Movie Perks Elec,MARKET,TIME_OF_USE,,,45.0,,False,https://www.energymadeeasy.gov.au/plan?id=ENG1111443MRE2@EME
ENG1111440MRE2@EME,ENGIE,SA _ ENGIE Movie Perks Elec,MARKET,SINGLE_RATE,,38.1,45.0,,False,https://www.energymadeeasy.gov.au/plan?id=ENG1111440MRE2@EME
ENG1111441MRE2@EME,ENGIE,SA _ ENGIE Movie Perks Elec,MARKET,SINGLE_RATE,,38.1,45.0,,False,https://www.energymadeeasy.gov.au/plan?id=ENG1111441MRE2@EME
ENG1115646SRE1@EME,ENGIE,SA ENGIE Standing elec,STANDING,SINGLE_RATE,,38.1,45.0,,False,https://www.energymadeeasy.gov.au/plan?id=ENG1115646SRE1@EME
ENG1115664SRE1@EME,ENGIE,SA ENGIE Home Business Standing elec,STANDING,SINGLE_RATE,,38.1,45.0,,False,https://www.energymadeeasy.gov.au/plan?id=ENG1115664SRE1@EME
ENG1115663SRE1@EME,ENGIE,SA ENGIE Home Business Standing elec,STANDING,SINGLE_RATE,,38.1,45.0,,False,https://www.energymadeeasy.gov.au/plan?id=ENG1115663SRE1@EME
ENG1115652SBE1@EME,ENGIE,SA ENGIE Business Standing elec,STANDING,SINGLE_RATE,,40.76,45.0,,False,https://www.energymadeeasy.gov.au/plan?id=ENG1115652SBE1@EME
ENG1115653SBE1@EME,ENGIE,SA ENGIE Business Standing elec,STANDING,SINGLE_RATE,,40.76,45.0,,False,https://www.energymadeeasy.gov.au/plan?id=ENG1115653SBE1@EME
ENG1115647SRE1@EME,ENGIE,SA ENGIE Standing elec,STANDING,SINGLE_RATE,,38.1,45.0,,False,https://www.energymadeeasy.gov.au/plan?id=ENG1115647SRE1@EME
ENG1111754MBE1@EME,ENGIE,SA _ ENGIE Business Flyer Elec,MARKET,SINGLE_RATE,,40.76,45.0,,False,https://www.energymadeeasy.gov.au/plan?id=ENG1111754MBE1@EME
ENG1111695MRE1@EME,ENGIE,SA _ ENGIE Home Business- GreenPower Elec,MARKET,SINGLE_RATE,,38.1,45.0,,False,https://www.energymadeeasy.gov.au/plan?id=ENG1111695MRE1@EME
ENG1111732MBE1@EME,ENGIE,SA _ ENGIE Business Movers Elec,MARKET,TIME_OF_USE,,,45.0,,False,https://www.energymadeeasy.gov.au/plan?id=ENG1111732MBE1@EME
ENG1111757MBE1@EME,ENGIE,SA _ ENGIE Business Flyer Elec,MARKET,TIME_OF_USE,,,45.0,,False,https://www.energymadeeasy.gov.au/plan?id=ENG1111757MBE1@EME
ENG1111731MBE1@EME,ENGIE,SA _ ENGIE Business Movers Elec,MARKET,TIME_OF_USE,,,45.0,,False,https://www.energymadeeasy.gov.au/plan?id=ENG1111731MBE1@EME
ENG1111753MBE1@EME,ENGIE,SA _ ENGIE Business Flyer Elec,MARKET,SINGLE_RATE,,40.76,45.0,,False,https://www.energymadeeasy.gov.au/plan?id=ENG1111753MBE1@EME
ENG1111755MBE1@EME,ENGIE,SA _ ENGIE Business Flyer Elec,MARKET,TIME_OF_USE,,,45.0,,False,https://www.energymadeeasy.gov.au/plan?id=ENG1111755MBE1@EME
ENG1111756MBE1@EME,ENGIE,SA _ ENGIE Business Flyer Elec,MARKET,TIME_OF_USE,,,45.0,,False,https://www.energymadeeasy.gov.au/plan?id=ENG1111756MBE1@EME
ENG1111724MBE1@EME,ENGIE,SA _ENGIE Business- GreenPower Elec,MARKET,SINGLE_RATE,,40.76,45.0,,False,https://www.energymadeeasy.gov.au/plan?id=ENG1111724MBE1@EME
ENG1111726MBE1@EME,ENGIE,SA _ENGIE Business- GreenPower Elec,MARKET,TIME_OF_USE,,,45.0,,False,https://www.energymadeeasy.gov.au/plan?id=ENG1111726MBE1@EME
ENG1111733MBE1@EME,ENGIE,SA _ ENGIE Business Movers Elec,MARKET,TIME_OF_USE,,,45.0,,False,https://www.energymadeeasy.gov.au/plan?id=ENG1111733MBE1@EME
ENG1111703MRE1@EME,ENGIE,SA _ ENGIE Home Business Flyer Elec,MARKET,SINGLE_RATE,,38.1,45.0,,False,https://www.energymadeeasy.gov.au/plan?id=ENG1111703MRE1@EME
ENG1111730MBE1@EME,ENGIE,SA _ ENGIE Business Movers Elec,MARKET,SINGLE_RATE,,40.76,45.0,,False,https://www.energymadeeasy.gov.au/plan?id=ENG1111730MBE1@EME
ENG1111718MBE1@EME,ENGIE,SA- ENGIE Business Everyday Elec,MARKET,SINGLE_RATE,,40.76,45.0,,False,https://www.energymadeeasy.gov.au/plan?id=ENG1111718MBE1@EME
ENG1111725MBE1@EME,ENGIE,SA _ENGIE Business- GreenPower Elec,MARKET,TIME_OF_USE,,,45.0,,False,https://www.energymadeeasy.gov.au/plan?id=ENG1111725MBE1@EME
ENG1111719MBE1@EME,ENGIE,SA- ENGIE Business Everyday Elec,MARKET,TIME_OF_USE,,,45.0,,False,https://www.energymadeeasy.gov.au/plan?id=ENG1111719MBE1@EME
ENG1111721MBE1@EME,ENGIE,SA- ENGIE Business Everyday Elec,MARKET,TIME_OF_USE,,,45.0,,False,https://www.energymadeeasy.gov.au/plan?id=ENG1111721MBE1@EME
ENG1111729MBE1@EME,ENGIE,SA _ ENGIE Business Movers Elec,MARKET,SINGLE_RATE,,40.76,45.0,,False,https://www.energymadeeasy.gov.au/plan?id=ENG1111729MBE1@EME
ENG1111727MBE1@EME,ENGIE,SA _ENGIE Business- GreenPower Elec,MARKET,TIME_OF_USE,,,45.0,,False,https://www.energymadeeasy.gov.au/plan?id=ENG1111727MBE1@EME
ENG1111723MBE1@EME,ENGIE,SA _ENGIE Business- GreenPower Elec,MARKET,SINGLE_RATE,,40.76,45.0,,False,https://www.energymadeeasy.gov.au/plan?id=ENG1111723MBE1@EME
ENG1111720MBE1@EME,ENGIE,SA- ENGIE Business Everyday Elec,MARKET,TIME_OF_USE,,,45.0,,False,https://www.energymadeeasy.gov.au/plan?id=ENG1111720MBE1@EME
ENG1111715MBE1@EME,ENGIE,SA _ENGIE Business-GreenPower Elec,MARKET,TIME_OF_USE,,,45.0,,False,https://www.energymadeeasy.gov.au/plan?id=ENG1111715MBE1@EME
ENG1111712MBE1@EME,ENGIE,SA _ENGIE Business-GreenPower Elec,MARKET,SINGLE_RATE,,40.76,45.0,,False,https://www.energymadeeasy.gov.au/plan?id=ENG1111712MBE1@EME
ENG1111714MBE1@EME,ENGIE,SA _ENGIE Business-GreenPower Elec,MARKET,TIME_OF_USE,,,45.0,,False,https://www.energymadeeasy.gov.au/plan?id=ENG1111714MBE1@EME
ENG1111706MRE1@EME,ENGIE,SA _ ENGIE Home Business Flyer Elec,MARKET,TIME_OF_USE,,,45.0,,False,https://www.energymadeeasy.gov.au/plan?id=ENG1111706MRE1@EME
ENG1111716MBE1@EME,ENGIE,SA _ENGIE Business-GreenPower Elec,MARKET,TIME_OF_USE,,,45.0,,False,https://www.energymadeeasy.gov.au/plan?id=ENG1111716MBE1@EME
ENG1111702MRE1@EME,ENGIE,SA_ENGIE Home Business -GreenPower Elec,MARKET,TIME_OF_USE,,,45.0,,False,https://www.energymadeeasy.gov.au/plan?id=ENG1111702MRE1@EME
ENG1111713MBE1@EME,ENGIE,SA _ENGIE Business-GreenPower Elec,MARKET,SINGLE_RATE,,40.76,45.0,,False,https://www.energymadeeasy.gov.au/plan?id=ENG1111713MBE1@EME
ENG1111705MRE1@EME,ENGIE,SA _ ENGIE Home Business Flyer Elec,MARKET,TIME_OF_USE,,,45.0,,False,https://www.energymadeeasy.gov.au/plan?id=ENG1111705MRE1@EME
ENG1111700MRE1@EME,ENGIE,SA_ENGIE Home Business -GreenPower Elec,MARKET,SINGLE_RATE,,38.1,45.0,,False,https://www.energymadeeasy.gov.au/plan?id=ENG1111700MRE1@EME
ENG1111717MBE1@EME,ENGIE,SA- ENGIE Business Everyday Elec,MARKET,SINGLE_RATE,,40.76,45.0,,False,https://www.energymadeeasy.gov.au/plan?id=ENG1111717MBE1@EME
ENG1111701MRE1@EME,ENGIE,SA_ENGIE Home Business -GreenPower Elec,MARKET,TIME_OF_USE,,,45.0,,False,https://www.energymadeeasy.gov.au/plan?id=ENG1111701MRE1@EME
ENG1111697MRE1@EME,ENGIE,SA _ ENGIE Home Business- GreenPower Elec,MARKET,TIME_OF_USE,,,45.0,,False,https://www.energymadeeasy.gov.au/plan?id=ENG1111697MRE1@EME
ENG1111704MRE1@EME,ENGIE,SA _ ENGIE Home Business Flyer Elec,MARKET,SINGLE_RATE,,38.1,45.0,,False,https://www.energymadeeasy.gov.au/plan?id=ENG1111704MRE1@EME
ENG1111694MRE1@EME,ENGIE,SA _ ENGIE Home Business- GreenPower Elec,MARKET,SINGLE_RATE,,38.1,45.0,,False,https://www.energymadeeasy.gov.au/plan?id=ENG1111694MRE1@EME
ENG1111699MRE1@EME,ENGIE,SA_ENGIE Home Business -GreenPower Elec,MARKET,SINGLE_RATE,,38.1,45.0,,False,https://www.energymadeeasy.gov.au/plan?id=ENG1111699MRE1@EME
ENG1111696MRE1@EME,ENGIE,SA _ ENGIE Home Business- GreenPower Elec,MARKET,TIME_OF_USE,,,45.0,,False,https://www.energymadeeasy.gov.au/plan?id=ENG1111696MRE1@EME
ENG1111692MRE1@EME,ENGIE,SA _ ENGIE Home Business Everyday Elec,MARKET,TIME_OF_USE,,,45.0,,False,https://www.energymadeeasy.gov.au/plan?id=ENG1111692MRE1@EME
ENG1111690MRE1@EME,ENGIE,SA _ ENGIE Home Business Everyday Elec,MARKET,SINGLE_RATE,,38.1,45.0,,False,https://www.energymadeeasy.gov.au/plan?id=ENG1111690MRE1@EME
ENG1111670MRE1@EME,ENGIE,SA _ ENGIE Home Business Movers Elec,MARKET,TIME_OF_USE,,,45.0,,False,https://www.energymadeeasy.gov.au/plan?id=ENG1111670MRE1@EME
ENG1111689MRE1@EME,ENGIE,SA _ ENGIE Home Business Everyday Elec,MARKET,SINGLE_RATE,,38.1,45.0,,False,https://www.energymadeeasy.gov.au/plan?id=ENG1111689MRE1@EME
ENG1111691MRE1@EME,ENGIE,SA _ ENGIE Home Business Everyday Elec,MARKET,TIME_OF_USE,,,45.0,,False,https://www.energymadeeasy.gov.au/plan?id=ENG1111691MRE1@EME
ENG1111671MRE1@EME,ENGIE,SA _ ENGIE Home Business Movers Elec,MARKET,TIME_OF_USE,,,45.0,,False,https://www.energymadeeasy.gov.au/plan?id=ENG1111671MRE1@EME
ENG1111668MRE1@EME,ENGIE,SA _ ENGIE Home Business Movers Elec,MARKET,SINGLE_RATE,,38.1,45.0,,False,https://www.energymadeeasy.gov.au/plan?id=ENG1111668MRE1@EME
ENG1111669MRE1@EME,ENGIE,SA _ ENGIE Home Business Movers Elec,MARKET,SINGLE_RATE,,38.1,45.0,,False,https://www.energymadeeasy.gov.au/plan?id=ENG1111669MRE1@EME
ENG1118353SRE1@EME,ENGIE,SA ENGIE Solar Sharer Standing Elec,STANDING,TIME_OF_USE,,,45.0,,False,https://www.energymadeeasy.gov.au/plan?id=ENG1118353SRE1@EME
ENG1118354SRE1@EME,ENGIE,SA ENGIE Solar Sharer Standing Elec,STANDING,TIME_OF_USE,,,45.0,,False,https://www.energymadeeasy.gov.au/plan?id=ENG1118354SRE1@EME
ENG1111476MRE1@EME,ENGIE,SA _ ENGIE EV Flex Charge Elec,MARKET,SINGLE_RATE,,38.1,8.0,,False,https://www.energymadeeasy.gov.au/plan?id=ENG1111476MRE1@EME
ENG1111477MRE1@EME,ENGIE,SA _ ENGIE EV Flex Charge Elec,MARKET,SINGLE_RATE,,38.1,8.0,,False,https://www.energymadeeasy.gov.au/plan?id=ENG1111477MRE1@EME
ENG1111479MRE1@EME,ENGIE,SA _ ENGIE EV Flex Charge Elec,MARKET,TIME_OF_USE,,,8.0,,False,https://www.energymadeeasy.gov.au/plan?id=ENG1111479MRE1@EME
ENG1111478MRE1@EME,ENGIE,SA _ ENGIE EV Flex Charge Elec,MARKET,TIME_OF_USE,,,8.0,,False,https://www.energymadeeasy.gov.au/plan?id=ENG1111478MRE1@EME
ENG1116532SRE1@EME,ENGIE,SA ENGIE Home Business Standing elec,STANDING,TIME_OF_USE,,,45.0,,False,https://www.energymadeeasy.gov.au/plan?id=ENG1116532SRE1@EME
ENG1116531SRE1@EME,ENGIE,SA ENGIE Home Business Standing elec,STANDING,TIME_OF_USE,,,45.0,,False,https://www.energymadeeasy.gov.au/plan?id=ENG1116531SRE1@EME
ENG1116528SRE1@EME,ENGIE,SA ENGIE Standing elec,STANDING,TIME_OF_USE,,,45.0,,False,https://www.energymadeeasy.gov.au/plan?id=ENG1116528SRE1@EME
ENG1116527SRE1@EME,ENGIE,SA ENGIE Standing elec,STANDING,TIME_OF_USE,,,45.0,,False,https://www.energymadeeasy.gov.au/plan?id=ENG1116527SRE1@EME
ENG1116165SBE1@EME,ENGIE,SA ENGIE Business Standing elec,STANDING,TIME_OF_USE,,,45.0,,False,https://www.energymadeeasy.gov.au/plan?id=ENG1116165SBE1@EME
ENG1116166SBE1@EME,ENGIE,SA ENGIE Business Standing elec,STANDING,TIME_OF_USE,,,45.0,,False,https://www.energymadeeasy.gov.au/plan?id=ENG1116166SBE1@EME
ENG1116164SBE1@EME,ENGIE,SA ENGIE Business Standing elec,STANDING,TIME_OF_USE,,,45.0,,False,https://www.energymadeeasy.gov.au/plan?id=ENG1116164SBE1@EME
ALI1164926MRE1@EME,Alinta Energy,HomeDeal Extra - Single Rate,MARKET,SINGLE_RATE,,40.01,44.0,,False,https://www.energymadeeasy.gov.au/plan?id=ALI1164926MRE1@EME
ALI1164928MRE1@EME,Alinta Energy,HomeDeal Extra - Time of Use (Interval) + CL,MARKET,TIME_OF_USE,,,44.0,,False,https://www.energymadeeasy.gov.au/plan?id=ALI1164928MRE1@EME
ALI1164925MRE1@EME,Alinta Energy,HomeDeal Extra - Single Rate + CL,MARKET,SINGLE_RATE,,40.01,44.0,,False,https://www.energymadeeasy.gov.au/plan?id=ALI1164925MRE1@EME
ALI1164927MRE1@EME,Alinta Energy,HomeDeal Extra - Demand Single Rate + CL,MARKET,SINGLE_RATE,,44.68,44.0,,False,https://www.energymadeeasy.gov.au/plan?id=ALI1164927MRE1@EME
ALI1164930MRE1@EME,Alinta Energy,HomeDeal Extra - Time of Use (Interval),MARKET,TIME_OF_USE,,,44.0,,False,https://www.energymadeeasy.gov.au/plan?id=ALI1164930MRE1@EME
ALI1164929MRE1@EME,Alinta Energy,HomeDeal Extra - Demand Single Rate,MARKET,SINGLE_RATE,,44.68,44.0,,False,https://www.energymadeeasy.gov.au/plan?id=ALI1164929MRE1@EME
ALI1114404MBE4@EME,Alinta Energy,BusinessDeal Flex - Time of Use (Interval),MARKET,TIME_OF_USE,,,44.0,,False,https://www.energymadeeasy.gov.au/plan?id=ALI1114404MBE4@EME
ALI1114403MBE4@EME,Alinta Energy,BusinessDeal Flex - Time of Use,MARKET,TIME_OF_USE,,,44.0,,False,https://www.energymadeeasy.gov.au/plan?id=ALI1114403MBE4@EME
ALI1114407MBE4@EME,Alinta Energy,BusinessDeal Flex - Single Rate + CL,MARKET,SINGLE_RATE,,40.77,44.0,,False,https://www.energymadeeasy.gov.au/plan?id=ALI1114407MBE4@EME
ALI1114409MBE4@EME,Alinta Energy,BusinessDeal Flex - Time of Use (Interval) + CL,MARKET,TIME_OF_USE,,,44.0,,False,https://www.energymadeeasy.gov.au/plan?id=ALI1114409MBE4@EME
ALI1114405MBE4@EME,Alinta Energy,BusinessDeal Flex - Demand Single Rate + CL,MARKET,SINGLE_RATE,,36.3,44.0,,False,https://www.energymadeeasy.gov.au/plan?id=ALI1114405MBE4@EME
ALI1140835SBE5@EME,Alinta Energy,SME Standing Offer - Single Rate,STANDING,SINGLE_RATE,,40.768,44.0,,False,https://www.energymadeeasy.gov.au/plan?id=ALI1140835SBE5@EME
ALI1114408MBE4@EME,Alinta Energy,BusinessDeal Flex - Demand Single Rate,MARKET,SINGLE_RATE,,36.3,44.0,,False,https://www.energymadeeasy.gov.au/plan?id=ALI1114408MBE4@EME
ALI1114402MBE4@EME,Alinta Energy,BusinessDeal Flex - Single Rate,MARKET,SINGLE_RATE,,40.77,44.0,,False,https://www.energymadeeasy.gov.au/plan?id=ALI1114402MBE4@EME
ALI1140838SBE5@EME,Alinta Energy,SME Standing Offer - Time of Use (Interval),STANDING,TIME_OF_USE,,,44.0,,False,https://www.energymadeeasy.gov.au/plan?id=ALI1140838SBE5@EME
ALI1140845SRE5@EME,Alinta Energy,Standing Offer - Time of Use (Interval),STANDING,TIME_OF_USE,,,44.0,,False,https://www.energymadeeasy.gov.au/plan?id=ALI1140845SRE5@EME
ALI1115535MRE4@EME,Alinta Energy,SolarBalance Choice - Single Rate + CL,MARKET,SINGLE_RATE,,40.01,44.0,,False,https://www.energymadeeasy.gov.au/plan?id=ALI1115535MRE4@EME
ALI1114406MBE4@EME,Alinta Energy,BusinessDeal Flex - Time of Use + CL,MARKET,TIME_OF_USE,,,44.0,,False,https://www.energymadeeasy.gov.au/plan?id=ALI1114406MBE4@EME
ALI1115539MRE4@EME,Alinta Energy,SolarBalance Choice - Time of Use (Interval) + CL,MARKET,TIME_OF_USE,,,44.0,,False,https://www.energymadeeasy.gov.au/plan?id=ALI1115539MRE4@EME
ALI1115584MRE4@EME,Alinta Energy,HomeDeal Flow - Demand Single Rate + CL,MARKET,SINGLE_RATE,,42.55,44.0,,False,https://www.energymadeeasy.gov.au/plan?id=ALI1115584MRE4@EME
ALI1115582MRE4@EME,Alinta Energy,HomeDeal Flow - Single Rate + CL,MARKET,SINGLE_RATE,,38.1,44.0,,False,https://www.energymadeeasy.gov.au/plan?id=ALI1115582MRE4@EME
ALI1115538MRE4@EME,Alinta Energy,SolarBalance Choice - Single Rate,MARKET,SINGLE_RATE,,40.01,44.0,,False,https://www.energymadeeasy.gov.au/plan?id=ALI1115538MRE4@EME
ALI1140841SRE5@EME,Alinta Energy,Standing Offer - Demand Single Rate,STANDING,SINGLE_RATE,,42.552,44.0,,False,https://www.energymadeeasy.gov.au/plan?id=ALI1140841SRE5@EME
ALI1140836SBE5@EME,Alinta Energy,SME Standing Offer - Single Rate + CL,STANDING,SINGLE_RATE,,40.768,44.0,,False,https://www.energymadeeasy.gov.au/plan?id=ALI1140836SBE5@EME
ALI1115581MRE4@EME,Alinta Energy,HomeDeal Flow - Single Rate,MARKET,SINGLE_RATE,,38.1,44.0,,False,https://www.energymadeeasy.gov.au/plan?id=ALI1115581MRE4@EME
ALI1140837SBE5@EME,Alinta Energy,SME Standing Offer - Time of Use,STANDING,TIME_OF_USE,,,44.0,,False,https://www.energymadeeasy.gov.au/plan?id=ALI1140837SBE5@EME
ALI1140846SRE5@EME,Alinta Energy,Standing Offer - Time of Use (Interval) + Control Load,STANDING,TIME_OF_USE,,,44.0,,False,https://www.energymadeeasy.gov.au/plan?id=ALI1140846SRE5@EME
ALI1115586MRE4@EME,Alinta Energy,HomeDeal Flow - Time of Use (Interval),MARKET,TIME_OF_USE,,,44.0,,False,https://www.energymadeeasy.gov.au/plan?id=ALI1115586MRE4@EME
ALI1115540MRE4@EME,Alinta Energy,SolarBalance Choice - Demand Single Rate + CL,MARKET,SINGLE_RATE,,44.76,44.0,,False,https://www.energymadeeasy.gov.au/plan?id=ALI1115540MRE4@EME
ALI1115537MRE4@EME,Alinta Energy,SolarBalance Choice - Time of Use (Interval),MARKET,TIME_OF_USE,,,44.0,,False,https://www.energymadeeasy.gov.au/plan?id=ALI1115537MRE4@EME
ALI1115583MRE4@EME,Alinta Energy,HomeDeal Flow - Time of Use (Interval) + CL,MARKET,TIME_OF_USE,,,44.0,,False,https://www.energymadeeasy.gov.au/plan?id=ALI1115583MRE4@EME
ALI1140843SRE5@EME,Alinta Energy,Standing Offer - Single Rate,STANDING,SINGLE_RATE,,38.1,44.0,,False,https://www.energymadeeasy.gov.au/plan?id=ALI1140843SRE5@EME
ALI1140844SRE5@EME,Alinta Energy,Standing Offer - Single Rate + CL,STANDING,SINGLE_RATE,,38.1,44.0,,False,https://www.energymadeeasy.gov.au/plan?id=ALI1140844SRE5@EME
ALI1140839SBE5@EME,Alinta Energy,SME Standing Offer - Time of Use (Interval) + CL,STANDING,TIME_OF_USE,,,44.0,,False,https://www.energymadeeasy.gov.au/plan?id=ALI1140839SBE5@EME
ALI1115536MRE4@EME,Alinta Energy,SolarBalance Choice - Demand Single Rate,MARKET,SINGLE_RATE,,44.76,44.0,,False,https://www.energymadeeasy.gov.au/plan?id=ALI1115536MRE4@EME
ALI1140842SRE5@EME,Alinta Energy,Standing Offer - Demand Single Rate + CL,STANDING,SINGLE_RATE,,42.552,44.0,,False,https://www.energymadeeasy.gov.au/plan?id=ALI1140842SRE5@EME
ALI1140834SBE5@EME,Alinta Energy,SME Standing Offer - Demand Single Rate + CL,STANDING,SINGLE_RATE,,36.302,44.0,,False,https://www.energymadeeasy.gov.au/plan?id=ALI1140834SBE5@EME
ALI1140840SBE5@EME,Alinta Energy,SME Standing Offer - Time of Use + CL,STANDING,TIME_OF_USE,,,44.0,,False,https://www.energymadeeasy.gov.au/plan?id=ALI1140840SBE5@EME
ALI1140833SBE5@EME,Alinta Energy,SME Standing Offer - Demand Single Rate,STANDING,SINGLE_RATE,,36.302,44.0,,False,https://www.energymadeeasy.gov.au/plan?id=ALI1140833SBE5@EME
ALI1115585MRE4@EME,Alinta Energy,HomeDeal Flow - Demand Single Rate,MARKET,SINGLE_RATE,,42.55,44.0,,False,https://www.energymadeeasy.gov.au/plan?id=ALI1115585MRE4@EME
ALI1138360SRE2@EME,Alinta Energy,Solar Sharer Offer - Time of Use (Interval),STANDING,TIME_OF_USE,,,44.0,,False,https://www.energymadeeasy.gov.au/plan?id=ALI1138360SRE2@EME
ALI1138361SRE2@EME,Alinta Energy,Solar Sharer Offer-Time of Use (Interval)+Control Load,STANDING,TIME_OF_USE,,,44.0,,False,https://www.energymadeeasy.gov.au/plan?id=ALI1138361SRE2@EME
SUM1122217SRE3@EME,Sumo,Sumo Standing Offer,STANDING,TIME_OF_USE,,,0.0,,False,https://www.energymadeeasy.gov.au/plan?id=SUM1122217SRE3@EME
SUM1122214SRE2@EME,Sumo,Sumo Standing Offer,STANDING,TIME_OF_USE,,,0.0,,False,https://www.energymadeeasy.gov.au/plan?id=SUM1122214SRE2@EME
SUM1122224SRE2@EME,Sumo,Sumo Standing Offer,STANDING,SINGLE_RATE,,38.1,0.0,,False,https://www.energymadeeasy.gov.au/plan?id=SUM1122224SRE2@EME
SUM1122230SBE2@EME,Sumo,Sumo Standing Offer,STANDING,TIME_OF_USE,,,0.0,,False,https://www.energymadeeasy.gov.au/plan?id=SUM1122230SBE2@EME
SUM1122227SBE2@EME,Sumo,Sumo Standing Offer,STANDING,SINGLE_RATE,,40.76,0.0,,False,https://www.energymadeeasy.gov.au/plan?id=SUM1122227SBE2@EME
SUM1125536SRE3@EME,Sumo,Sumo Solar Sharer,STANDING,TIME_OF_USE,,,0.0,,False,https://www.energymadeeasy.gov.au/plan?id=SUM1125536SRE3@EME
SUM1122232SRE2@EME,Sumo,Sumo Standing Offer,STANDING,SINGLE_RATE,,38.1,0.0,,False,https://www.energymadeeasy.gov.au/plan?id=SUM1122232SRE2@EME
SUM1122233SBE2@EME,Sumo,Sumo Standing Offer,STANDING,SINGLE_RATE,,40.76,0.0,,False,https://www.energymadeeasy.gov.au/plan?id=SUM1122233SBE2@EME
SUM1125533SRE2@EME,Sumo,Sumo Solar Sharer,STANDING,TIME_OF_USE,,,0.0,,False,https://www.energymadeeasy.gov.au/plan?id=SUM1125533SRE2@EME
SUM1126036SBE2@EME,Sumo,Sumo Standing Offer,STANDING,TIME_OF_USE,,,0.0,,False,https://www.energymadeeasy.gov.au/plan?id=SUM1126036SBE2@EME
SUM1176019MRE2@EME,Sumo,Sumo Stobie,MARKET,TIME_OF_USE,,,0.0,,False,https://www.energymadeeasy.gov.au/plan?id=SUM1176019MRE2@EME
SUM1176017MRE2@EME,Sumo,Sumo Stobie,MARKET,SINGLE_RATE,,32.39,0.0,,False,https://www.energymadeeasy.gov.au/plan?id=SUM1176017MRE2@EME
SUM1176010MBE2@EME,Sumo,Sumo Business Saver,MARKET,SINGLE_RATE,,36.28,0.0,,False,https://www.energymadeeasy.gov.au/plan?id=SUM1176010MBE2@EME
SUM1176015MBE2@EME,Sumo,Sumo Business Saver,MARKET,TIME_OF_USE,,,0.0,,False,https://www.energymadeeasy.gov.au/plan?id=SUM1176015MBE2@EME
SUM1176018MRE2@EME,Sumo,Sumo Stobie,MARKET,SINGLE_RATE,,32.39,0.0,,False,https://www.energymadeeasy.gov.au/plan?id=SUM1176018MRE2@EME
SUM1176014MBE2@EME,Sumo,Sumo Business Saver,MARKET,TIME_OF_USE,,,0.0,,False,https://www.energymadeeasy.gov.au/plan?id=SUM1176014MBE2@EME
SUM1176011MBE2@EME,Sumo,Sumo Business Saver,MARKET,SINGLE_RATE,,36.28,0.0,,False,https://www.energymadeeasy.gov.au/plan?id=SUM1176011MBE2@EME
SUM1176020MRE2@EME,Sumo,Sumo Stobie,MARKET,TIME_OF_USE,,,0.0,,False,https://www.energymadeeasy.gov.au/plan?id=SUM1176020MRE2@EME
KOG1060403MRE4@EME,Kogan Energy,Kogan Solar Sharer,MARKET,TIME_OF_USE,,,49.0,,False,https://www.energymadeeasy.gov.au/plan?id=KOG1060403MRE4@EME
KOG1060400MRE2@EME,Kogan Energy,Kogan Energy Basic,MARKET,SINGLE_RATE,,38.1002,49.0,,False,https://www.energymadeeasy.gov.au/plan?id=KOG1060400MRE2@EME
KOG1060399MRE2@EME,Kogan Energy,Kogan Energy for current FIRST members,MARKET,SINGLE_RATE,,36.3606,49.0,,False,https://www.energymadeeasy.gov.au/plan?id=KOG1060399MRE2@EME
KOG1060401MRE2@EME,Kogan Energy,Kogan Energy Basic,MARKET,SINGLE_RATE,,38.1002,49.0,,False,https://www.energymadeeasy.gov.au/plan?id=KOG1060401MRE2@EME
KOG1060393MRE2@EME,Kogan Energy,Kogan Energy with free FIRST,MARKET,TIME_OF_USE,,,49.0,,False,https://www.energymadeeasy.gov.au/plan?id=KOG1060393MRE2@EME
KOG1060394MRE2@EME,Kogan Energy,Kogan Energy with free FIRST,MARKET,SINGLE_RATE,,36.3606,49.0,,False,https://www.energymadeeasy.gov.au/plan?id=KOG1060394MRE2@EME
KOG1060398MRE2@EME,Kogan Energy,Kogan Energy for current FIRST members,MARKET,TIME_OF_USE,,,49.0,,False,https://www.energymadeeasy.gov.au/plan?id=KOG1060398MRE2@EME
KOG1060396MRE2@EME,Kogan Energy,Kogan Energy with free FIRST,MARKET,SINGLE_RATE,,36.3606,49.0,,False,https://www.energymadeeasy.gov.au/plan?id=KOG1060396MRE2@EME
KOG1060392MRE2@EME,Kogan Energy,Kogan Energy with free FIRST,MARKET,TIME_OF_USE,,,49.0,,False,https://www.energymadeeasy.gov.au/plan?id=KOG1060392MRE2@EME
KOG1060397MRE2@EME,Kogan Energy,Kogan Energy for current FIRST members,MARKET,SINGLE_RATE,,36.3606,49.0,,False,https://www.energymadeeasy.gov.au/plan?id=KOG1060397MRE2@EME
KOG1060395MRE2@EME,Kogan Energy,Kogan Energy for current FIRST members,MARKET,TIME_OF_USE,,,49.0,,False,https://www.energymadeeasy.gov.au/plan?id=KOG1060395MRE2@EME
PSH1060402SRE3@EME,Powershop,Powershop Solar Sharer Standing Offer,STANDING,TIME_OF_USE,,,49.0,,False,https://www.energymadeeasy.gov.au/plan?id=PSH1060402SRE3@EME
PSH1060404MRE3@EME,Powershop,Solar Sharer,MARKET,TIME_OF_USE,,,49.0,,False,https://www.energymadeeasy.gov.au/plan?id=PSH1060404MRE3@EME
PSH1060390MBE2@EME,Powershop,Power Business,MARKET,TIME_OF_USE,,,49.0,,False,https://www.energymadeeasy.gov.au/plan?id=PSH1060390MBE2@EME
PSH1060379SBE2@EME,Powershop,Standing Offer,STANDING,SINGLE_RATE,,40.7681,49.0,,False,https://www.energymadeeasy.gov.au/plan?id=PSH1060379SBE2@EME
PSH1060387MBE2@EME,Powershop,Power Business,MARKET,SINGLE_RATE,,40.2988,49.0,,False,https://www.energymadeeasy.gov.au/plan?id=PSH1060387MBE2@EME
PSH1060382MBE2@EME,Powershop,Power Business,MARKET,TIME_OF_USE,,,49.0,,False,https://www.energymadeeasy.gov.au/plan?id=PSH1060382MBE2@EME
PSH1060368MRE3@EME,Powershop,Switch Saver,MARKET,TIME_OF_USE,,,49.0,,False,https://www.energymadeeasy.gov.au/plan?id=PSH1060368MRE3@EME
PSH1060372MRE3@EME,Powershop,Switch Saver,MARKET,SINGLE_RATE,,40.0883,49.0,,False,https://www.energymadeeasy.gov.au/plan?id=PSH1060372MRE3@EME
PSH1060374MRE2@EME,Powershop,Power House,MARKET,TIME_OF_USE,,,49.0,,False,https://www.energymadeeasy.gov.au/plan?id=PSH1060374MRE2@EME
PSH1060369MRE3@EME,Powershop,Switch Saver,MARKET,SINGLE_RATE,,40.0883,49.0,,False,https://www.energymadeeasy.gov.au/plan?id=PSH1060369MRE3@EME
PSH1060386MBE2@EME,Powershop,Power Business,MARKET,TIME_OF_USE,,,49.0,,False,https://www.energymadeeasy.gov.au/plan?id=PSH1060386MBE2@EME
PSH1060377MRE2@EME,Powershop,Power House,MARKET,TIME_OF_USE,,,49.0,,False,https://www.energymadeeasy.gov.au/plan?id=PSH1060377MRE2@EME
PSH1060378SRE2@EME,Powershop,Standing Offer,STANDING,SINGLE_RATE,,38.1002,49.0,,False,https://www.energymadeeasy.gov.au/plan?id=PSH1060378SRE2@EME
PSH1060375SRE2@EME,Powershop,Standing Offer,STANDING,SINGLE_RATE,,38.1002,49.0,,False,https://www.energymadeeasy.gov.au/plan?id=PSH1060375SRE2@EME
PSH1060383MBE2@EME,Powershop,Power Business,MARKET,TIME_OF_USE,,,49.0,,False,https://www.energymadeeasy.gov.au/plan?id=PSH1060383MBE2@EME
PSH1060381SBE2@EME,Powershop,Standing Offer,STANDING,TIME_OF_USE,,,49.0,,False,https://www.energymadeeasy.gov.au/plan?id=PSH1060381SBE2@EME
PSH1060380SBE2@EME,Powershop,Standing Offer,STANDING,SINGLE_RATE,,40.7681,49.0,,False,https://www.energymadeeasy.gov.au/plan?id=PSH1060380SBE2@EME
PSH1060376SBE2@EME,Powershop,Standing Offer,STANDING,TIME_OF_USE,,,49.0,,False,https://www.energymadeeasy.gov.au/plan?id=PSH1060376SBE2@EME
PSH1060388MBE2@EME,Powershop,Power Business,MARKET,SINGLE_RATE,,40.2988,49.0,,False,https://www.energymadeeasy.gov.au/plan?id=PSH1060388MBE2@EME
PSH1060373MRE3@EME,Powershop,Switch Saver,MARKET,TIME_OF_USE,,,49.0,,False,https://www.energymadeeasy.gov.au/plan?id=PSH1060373MRE3@EME
PSH1060370MRE2@EME,Powershop,Power House,MARKET,SINGLE_RATE,,36.3606,49.0,,False,https://www.energymadeeasy.gov.au/plan?id=PSH1060370MRE2@EME
PSH1060371MRE2@EME,Powershop,Power House,MARKET,SINGLE_RATE,,36.3606,49.0,,False,https://www.energymadeeasy.gov.au/plan?id=PSH1060371MRE2@EME
DIA1122050MBE2@EME,Diamond Energy,Diamond Everyday - Time of Use,MARKET,TIME_OF_USE,,,44.0,,False,https://www.energymadeeasy.gov.au/plan?id=DIA1122050MBE2@EME
DIA1122045MRE2@EME,Diamond Energy,Diamond Everyday - Time of Use,MARKET,TIME_OF_USE,,,44.0,,False,https://www.energymadeeasy.gov.au/plan?id=DIA1122045MRE2@EME
DIA1122048MBE2@EME,Diamond Energy,Diamond Everyday - Single Rate,MARKET,SINGLE_RATE,,40.7681,44.0,,False,https://www.energymadeeasy.gov.au/plan?id=DIA1122048MBE2@EME
DIA1122043MRE2@EME,Diamond Energy,Diamond Everyday - Single Rate,MARKET,SINGLE_RATE,,38.1003,44.0,,False,https://www.energymadeeasy.gov.au/plan?id=DIA1122043MRE2@EME
DIA1122051SRE2@EME,Diamond Energy,Diamond Standing - Single Rate,STANDING,SINGLE_RATE,,38.1003,,,False,https://www.energymadeeasy.gov.au/plan?id=DIA1122051SRE2@EME
DIA1122044MRE2@EME,Diamond Energy,Diamond Everyday - Single Rate,MARKET,SINGLE_RATE,,38.1003,44.0,,False,https://www.energymadeeasy.gov.au/plan?id=DIA1122044MRE2@EME
DIA1122054SRE2@EME,Diamond Energy,Diamond Standing - Time of Use,STANDING,TIME_OF_USE,,,,,False,https://www.energymadeeasy.gov.au/plan?id=DIA1122054SRE2@EME
DIA1122062SRE2@EME,Diamond Energy,Diamond Standing - Solar Sharer Offer,STANDING,TIME_OF_USE,,,,,False,https://www.energymadeeasy.gov.au/plan?id=DIA1122062SRE2@EME
DIA1122046MRE2@EME,Diamond Energy,Diamond Everyday - Time of Use,MARKET,TIME_OF_USE,,,44.0,,False,https://www.energymadeeasy.gov.au/plan?id=DIA1122046MRE2@EME
DIA1122047MBE2@EME,Diamond Energy,Diamond Everyday - Single Rate,MARKET,SINGLE_RATE,,40.7681,44.0,,False,https://www.energymadeeasy.gov.au/plan?id=DIA1122047MBE2@EME
DIA1122052SRE2@EME,Diamond Energy,Diamond Standing - Single Rate,STANDING,SINGLE_RATE,,38.1003,,,False,https://www.energymadeeasy.gov.au/plan?id=DIA1122052SRE2@EME
DIA1122059MRE2@EME,Diamond Energy,Diamond Everyday - Daylight,MARKET,TIME_OF_USE,,,44.0,,False,https://www.energymadeeasy.gov.au/plan?id=DIA1122059MRE2@EME
DIA1122057SBE2@EME,Diamond Energy,Diamond Standing - Time of Use,STANDING,TIME_OF_USE,,,,,False,https://www.energymadeeasy.gov.au/plan?id=DIA1122057SBE2@EME
DIA1122049MBE2@EME,Diamond Energy,Diamond Everyday - Time of Use,MARKET,TIME_OF_USE,,,44.0,,False,https://www.energymadeeasy.gov.au/plan?id=DIA1122049MBE2@EME
DIA1122053SRE2@EME,Diamond Energy,Diamond Standing - Time of Use,STANDING,TIME_OF_USE,,,,,False,https://www.energymadeeasy.gov.au/plan?id=DIA1122053SRE2@EME
DIA1122055SBE2@EME,Diamond Energy,Diamond Standing - Single Rate,STANDING,SINGLE_RATE,,40.7681,,,False,https://www.energymadeeasy.gov.au/plan?id=DIA1122055SBE2@EME
DIA1122056SBE2@EME,Diamond Energy,Diamond Standing - Single Rate,STANDING,SINGLE_RATE,,40.7681,,,False,https://www.energymadeeasy.gov.au/plan?id=DIA1122056SBE2@EME
DIA1122061SRE2@EME,Diamond Energy,Diamond Standing - Solar Sharer Offer,STANDING,TIME_OF_USE,,,,,False,https://www.energymadeeasy.gov.au/plan?id=DIA1122061SRE2@EME
DIA1122058SBE2@EME,Diamond Energy,Diamond Standing - Time of Use,STANDING,TIME_OF_USE,,,,,False,https://www.energymadeeasy.gov.au/plan?id=DIA1122058SBE2@EME
DIA1122060MRE2@EME,Diamond Energy,Diamond Everyday - Daylight,MARKET,TIME_OF_USE,,,44.0,,False,https://www.energymadeeasy.gov.au/plan?id=DIA1122060MRE2@EME
COV1117615MRE3@EME,CovaU,EVMax SA Residential TOU,MARKET,TIME_OF_USE,,,2.0,,False,https://www.energymadeeasy.gov.au/plan?id=COV1117615MRE3@EME
COV1147893MRE2@EME,CovaU,Freedom Residential Flexible + CL,MARKET,TIME_OF_USE,,,3.0,,False,https://www.energymadeeasy.gov.au/plan?id=COV1147893MRE2@EME
COV1147894MRE2@EME,CovaU,Freedom Residential Single + CL,MARKET,SINGLE_RATE,,42.58,3.0,,False,https://www.energymadeeasy.gov.au/plan?id=COV1147894MRE2@EME
COV1147899MBE2@EME,CovaU,Freedom Business TOU Demand,MARKET,TIME_OF_USE,,,3.0,,False,https://www.energymadeeasy.gov.au/plan?id=COV1147899MBE2@EME
COV1147896MBE2@EME,CovaU,Freedom Business Single + CL,MARKET,SINGLE_RATE,,44.12,3.0,,False,https://www.energymadeeasy.gov.au/plan?id=COV1147896MBE2@EME
COV1147898MBE2@EME,CovaU,Freedom Business TOU 5-Day CL,MARKET,TIME_OF_USE,,,3.0,,False,https://www.energymadeeasy.gov.au/plan?id=COV1147898MBE2@EME
COV1147897MBE2@EME,CovaU,Freedom Business TOU 5-Day,MARKET,TIME_OF_USE,,,3.0,,False,https://www.energymadeeasy.gov.au/plan?id=COV1147897MBE2@EME
COV1147900MBE2@EME,CovaU,Freedom Business SBTOU,MARKET,TIME_OF_USE,,,3.0,,False,https://www.energymadeeasy.gov.au/plan?id=COV1147900MBE2@EME
COV1117616MRE3@EME,CovaU,SolarMax SA Residential TOU,MARKET,TIME_OF_USE,,,15.0,,False,https://www.energymadeeasy.gov.au/plan?id=COV1117616MRE3@EME
COV1165753SRE1@EME,CovaU,CovaU Solar Sharer Offer SA Residential TOU,STANDING,TIME_OF_USE,,,0.0,,False,https://www.energymadeeasy.gov.au/plan?id=COV1165753SRE1@EME
COV1147895MBE1@EME,CovaU,Freedom Business Single,MARKET,SINGLE_RATE,,44.12,3.0,,False,https://www.energymadeeasy.gov.au/plan?id=COV1147895MBE1@EME
COV1125529SBE1@EME,CovaU,CovaU Basics Business SBTOU,STANDING,TIME_OF_USE,,,0.0,,False,https://www.energymadeeasy.gov.au/plan?id=COV1125529SBE1@EME
COV1122112SRE1@EME,CovaU,CovaU Basics Residential TOU,STANDING,TIME_OF_USE,,,0.0,,False,https://www.energymadeeasy.gov.au/plan?id=COV1122112SRE1@EME
COV1030377SBE2@EME,CovaU,CovaU Basics Business TOU Demand,STANDING,TIME_OF_USE,,,0.0,,False,https://www.energymadeeasy.gov.au/plan?id=COV1030377SBE2@EME
COV1117999SRE1@EME,CovaU,CovaU Solar Sharer Offer SA Residential TOU,STANDING,TIME_OF_USE,,,,,False,https://www.energymadeeasy.gov.au/plan?id=COV1117999SRE1@EME
COV1030374SBE2@EME,CovaU,CovaU Basics Business Single + CL,STANDING,SINGLE_RATE,,38.63,0.0,,False,https://www.energymadeeasy.gov.au/plan?id=COV1030374SBE2@EME
COV1030375SBE2@EME,CovaU,CovaU Basics Business TOU 5-Day + CL,STANDING,TIME_OF_USE,,,0.0,,False,https://www.energymadeeasy.gov.au/plan?id=COV1030375SBE2@EME
COV1030373SRE2@EME,CovaU,CovaU Basics Residential Single + CL,STANDING,SINGLE_RATE,,38.1,0.0,,False,https://www.energymadeeasy.gov.au/plan?id=COV1030373SRE2@EME
COV1030370SRE2@EME,CovaU,CovaU Basics Residential Single,STANDING,SINGLE_RATE,,38.1,0.0,,False,https://www.energymadeeasy.gov.au/plan?id=COV1030370SRE2@EME
NEX1200003SBE1@EME,Next Business Energy,NBE Standing SA Power Networks,STANDING,TIME_OF_USE,,,2.0,,False,https://www.energymadeeasy.gov.au/plan?id=NEX1200003SBE1@EME
NEX1200006SRE1@EME,Next Business Energy,NBE Standing SA Power Networks,STANDING,SINGLE_RATE,,40.77,2.0,,False,https://www.energymadeeasy.gov.au/plan?id=NEX1200006SRE1@EME
NEX1200001SBE1@EME,Next Business Energy,NBE Standing SA Power Networks,STANDING,SINGLE_RATE,,38.1,2.0,,False,https://www.energymadeeasy.gov.au/plan?id=NEX1200001SBE1@EME
NEX1200000SBE1@EME,Next Business Energy,NBE Standing SA Power Networks,STANDING,SINGLE_RATE,,38.1,2.0,,False,https://www.energymadeeasy.gov.au/plan?id=NEX1200000SBE1@EME
NEX1200002SBE1@EME,Next Business Energy,NBE Standing SA Power Networks,STANDING,TIME_OF_USE,,,2.0,,False,https://www.energymadeeasy.gov.au/plan?id=NEX1200002SBE1@EME
NEX1200004SBE1@EME,Next Business Energy,NBE Standing SA Power Networks,STANDING,TIME_OF_USE,,,2.0,,False,https://www.energymadeeasy.gov.au/plan?id=NEX1200004SBE1@EME
NEX1200005SRE1@EME,Next Business Energy,NBE Standing SA Power Networks,STANDING,SINGLE_RATE,,40.77,2.0,,False,https://www.energymadeeasy.gov.au/plan?id=NEX1200005SRE1@EME
NEX1199766MBE1@EME,Next Business Energy,Next Assured Bus 10% GTD,MARKET,TIME_OF_USE,,,44.0,,False,https://www.energymadeeasy.gov.au/plan?id=NEX1199766MBE1@EME
NEX1199758MBE1@EME,Next Business Energy,Next Assured Bus 10% GTD,MARKET,SINGLE_RATE,,43.71,44.0,,False,https://www.energymadeeasy.gov.au/plan?id=NEX1199758MBE1@EME
NEX1199767MBE1@EME,Next Business Energy,Next Assured Bus 10% GTD,MARKET,TIME_OF_USE,,,44.0,,False,https://www.energymadeeasy.gov.au/plan?id=NEX1199767MBE1@EME
NEX1199761MBE1@EME,Next Business Energy,Next Assured Bus 10% GTD,MARKET,TIME_OF_USE,,,44.0,,False,https://www.energymadeeasy.gov.au/plan?id=NEX1199761MBE1@EME
NEX1199765MBE1@EME,Next Business Energy,Next Assured Bus 10% GTD,MARKET,TIME_OF_USE,,,44.0,,False,https://www.energymadeeasy.gov.au/plan?id=NEX1199765MBE1@EME
NEX1199763MBE1@EME,Next Business Energy,Next Assured Bus 10% GTD,MARKET,TIME_OF_USE,,,44.0,,False,https://www.energymadeeasy.gov.au/plan?id=NEX1199763MBE1@EME
NEX1199757MBE1@EME,Next Business Energy,Next Assured Bus 10% GTD,MARKET,SINGLE_RATE,,43.71,44.0,,False,https://www.energymadeeasy.gov.au/plan?id=NEX1199757MBE1@EME
NEX1199759MBE1@EME,Next Business Energy,Next Assured Bus 10% GTD,MARKET,TIME_OF_USE,,,44.0,,False,https://www.energymadeeasy.gov.au/plan?id=NEX1199759MBE1@EME
NEX1199760MBE1@EME,Next Business Energy,Next Assured Bus 10% GTD,MARKET,TIME_OF_USE,,,44.0,,False,https://www.energymadeeasy.gov.au/plan?id=NEX1199760MBE1@EME
NEX1199764MBE1@EME,Next Business Energy,Next Assured Bus 10% GTD,MARKET,SINGLE_RATE,,36.89,44.0,,False,https://www.energymadeeasy.gov.au/plan?id=NEX1199764MBE1@EME
NEX1199762MBE1@EME,Next Business Energy,Next Assured Bus 10% GTD,MARKET,TIME_OF_USE,,,44.0,,False,https://www.energymadeeasy.gov.au/plan?id=NEX1199762MBE1@EME
1ST1166240SRE1@EME,1st Energy,Standing Offer - Solar Sharer + Controlled Load,STANDING,TIME_OF_USE,,,1.0,,False,https://www.energymadeeasy.gov.au/plan?id=1ST1166240SRE1@EME
1ST1166241MRE1@EME,1st Energy,1st Quartz - Time of Use + Controlled Load,MARKET,TIME_OF_USE,,,44.0,,False,https://www.energymadeeasy.gov.au/plan?id=1ST1166241MRE1@EME
1ST1166242SRE1@EME,1st Energy,Standing Offer - Time of Use + Controlled Load,STANDING,TIME_OF_USE,,,44.0,,False,https://www.energymadeeasy.gov.au/plan?id=1ST1166242SRE1@EME
1ST1166243MRE1@EME,1st Energy,1st Emerald - Time of Use + Controlled Load,MARKET,TIME_OF_USE,,,44.0,,False,https://www.energymadeeasy.gov.au/plan?id=1ST1166243MRE1@EME
1ST1161463MRE1@EME,1st Energy,1st Emerald - Time of Use,MARKET,TIME_OF_USE,,,44.0,,False,https://www.energymadeeasy.gov.au/plan?id=1ST1161463MRE1@EME
1ST1161461MRE1@EME,1st Energy,1st Emerald - Single Rate,MARKET,SINGLE_RATE,,30.8,44.0,,False,https://www.energymadeeasy.gov.au/plan?id=1ST1161461MRE1@EME
1ST1161462MRE1@EME,1st Energy,1st Emerald - Single Rate + Controlled Load,MARKET,SINGLE_RATE,,30.8,44.0,,False,https://www.energymadeeasy.gov.au/plan?id=1ST1161462MRE1@EME
1ST1161472MRE1@EME,1st Energy,1st Quartz - Single Rate + Controlled Load,MARKET,SINGLE_RATE,,36.1,44.0,,False,https://www.energymadeeasy.gov.au/plan?id=1ST1161472MRE1@EME
1ST1161135MBE1@EME,1st Energy,1st Opal - Time of Use,MARKET,TIME_OF_USE,,,44.0,,False,https://www.energymadeeasy.gov.au/plan?id=1ST1161135MBE1@EME
1ST1161136MBE1@EME,1st Energy,1st Opal - Time of Use + Controlled Load,MARKET,TIME_OF_USE,,,44.0,,False,https://www.energymadeeasy.gov.au/plan?id=1ST1161136MBE1@EME
1ST1161138MBE1@EME,1st Energy,1st Opal - Single Rate + Controlled Load,MARKET,SINGLE_RATE,,33.4,44.0,,False,https://www.energymadeeasy.gov.au/plan?id=1ST1161138MBE1@EME
1ST1161137MBE1@EME,1st Energy,1st Opal - Single Rate,MARKET,SINGLE_RATE,,33.4,44.0,,False,https://www.energymadeeasy.gov.au/plan?id=1ST1161137MBE1@EME
1ST1124944MBE1@EME,1st Energy,1st Quartz - Time of Use + Controlled Load,MARKET,TIME_OF_USE,,,44.0,,False,https://www.energymadeeasy.gov.au/plan?id=1ST1124944MBE1@EME
1ST1124943MBE1@EME,1st Energy,1st Quartz - Time of Use,MARKET,TIME_OF_USE,,,44.0,,False,https://www.energymadeeasy.gov.au/plan?id=1ST1124943MBE1@EME
1ST1124945SBE1@EME,1st Energy,Standing Offer - Time of Use,STANDING,TIME_OF_USE,,,44.0,,False,https://www.energymadeeasy.gov.au/plan?id=1ST1124945SBE1@EME
1ST1124946SBE1@EME,1st Energy,Standing Offer - Time of Use + Controlled Load,STANDING,TIME_OF_USE,,,44.0,,False,https://www.energymadeeasy.gov.au/plan?id=1ST1124946SBE1@EME
1ST1123742SRE1@EME,1st Energy,Standing Offer - Single Rate,STANDING,SINGLE_RATE,,38.1,44.0,,False,https://www.energymadeeasy.gov.au/plan?id=1ST1123742SRE1@EME
1ST1123743SRE1@EME,1st Energy,Standing Offer - Single Rate + Controlled Load,STANDING,SINGLE_RATE,,38.1,44.0,,False,https://www.energymadeeasy.gov.au/plan?id=1ST1123743SRE1@EME
1ST1123739MRE1@EME,1st Energy,1st Quartz - Time of Use,MARKET,TIME_OF_USE,,,44.0,,False,https://www.energymadeeasy.gov.au/plan?id=1ST1123739MRE1@EME
1ST1123744SRE1@EME,1st Energy,Standing Offer - Time of Use,STANDING,TIME_OF_USE,,,44.0,,False,https://www.energymadeeasy.gov.au/plan?id=1ST1123744SRE1@EME
1ST1123741SBE1@EME,1st Energy,Standing Offer - Single Rate + Controlled Load,STANDING,SINGLE_RATE,,40.768,44.0,,False,https://www.energymadeeasy.gov.au/plan?id=1ST1123741SBE1@EME
1ST1123735MBE1@EME,1st Energy,1st Quartz - Single Rate,MARKET,SINGLE_RATE,,39.9,44.0,,False,https://www.energymadeeasy.gov.au/plan?id=1ST1123735MBE1@EME
1ST1123736MBE1@EME,1st Energy,1st Quartz - Single Rate + Controlled Load,MARKET,SINGLE_RATE,,39.9,44.0,,False,https://www.energymadeeasy.gov.au/plan?id=1ST1123736MBE1@EME
1ST1123336SRE1@EME,1st Energy,Standing Offer - Solar Sharer,STANDING,TIME_OF_USE,,,1.0,,False,https://www.energymadeeasy.gov.au/plan?id=1ST1123336SRE1@EME
1ST1123740SBE1@EME,1st Energy,Standing Offer - Single Rate,STANDING,SINGLE_RATE,,40.768,44.0,,False,https://www.energymadeeasy.gov.au/plan?id=1ST1123740SBE1@EME
1ST1123737MRE1@EME,1st Energy,1st Quartz - Single Rate,MARKET,SINGLE_RATE,,36.1,44.0,,False,https://www.energymadeeasy.gov.au/plan?id=1ST1123737MRE1@EME
OVO723814MRE23@EME,OVO Energy,The EV Plan,MARKET,TIME_OF_USE,,,44.0,,False,https://www.energymadeeasy.gov.au/plan?id=OVO723814MRE23@EME
OVO704517MRE25@EME,OVO Energy,The One Plan,MARKET,SINGLE_RATE,,38.1,44.0,,False,https://www.energymadeeasy.gov.au/plan?id=OVO704517MRE25@EME
OVO723777MRE23@EME,OVO Energy,The EV Plan,MARKET,TIME_OF_USE,,,44.0,,False,https://www.energymadeeasy.gov.au/plan?id=OVO723777MRE23@EME
OVO704516MRE25@EME,OVO Energy,The One Plan,MARKET,SINGLE_RATE,,38.1,44.0,,False,https://www.energymadeeasy.gov.au/plan?id=OVO704516MRE25@EME
OVO704519MRE25@EME,OVO Energy,The One Plan,MARKET,TIME_OF_USE,,,44.0,,False,https://www.energymadeeasy.gov.au/plan?id=OVO704519MRE25@EME
OVO704518MRE25@EME,OVO Energy,The One Plan,MARKET,TIME_OF_USE,,,44.0,,False,https://www.energymadeeasy.gov.au/plan?id=OVO704518MRE25@EME
OVO723748MRE23@EME,OVO Energy,The EV Plan,MARKET,TIME_OF_USE,,,44.0,,False,https://www.energymadeeasy.gov.au/plan?id=OVO723748MRE23@EME
OVO723780MRE23@EME,OVO Energy,The EV Plan,MARKET,TIME_OF_USE,,,44.0,,False,https://www.energymadeeasy.gov.au/plan?id=OVO723780MRE23@EME
OVO704473MRE26@EME,OVO Energy,The Free 4 Plan,MARKET,TIME_OF_USE,,,44.0,,False,https://www.energymadeeasy.gov.au/plan?id=OVO704473MRE26@EME
OVO704474MRE26@EME,OVO Energy,The Free 4 Plan,MARKET,TIME_OF_USE,,,44.0,,False,https://www.energymadeeasy.gov.au/plan?id=OVO704474MRE26@EME
OVO704476MRE26@EME,OVO Energy,The Free 4 Plan,MARKET,TIME_OF_USE,,,44.0,,False,https://www.energymadeeasy.gov.au/plan?id=OVO704476MRE26@EME
OVO704475MRE26@EME,OVO Energy,The Free 4 Plan,MARKET,TIME_OF_USE,,,44.0,,False,https://www.energymadeeasy.gov.au/plan?id=OVO704475MRE26@EME
OVO1110158SRE3@EME,OVO Energy,Basic Standing Offer (Solar Sharer),STANDING,TIME_OF_USE,,,,,False,https://www.energymadeeasy.gov.au/plan?id=OVO1110158SRE3@EME
OVO1110157SRE3@EME,OVO Energy,Basic Standing Offer (Solar Sharer),STANDING,TIME_OF_USE,,,,,False,https://www.energymadeeasy.gov.au/plan?id=OVO1110157SRE3@EME
OVO934277SRE4@EME,OVO Energy,Basic Standing Offer,STANDING,SINGLE_RATE,,38.1001,,,False,https://www.energymadeeasy.gov.au/plan?id=OVO934277SRE4@EME
OVO934259SRE4@EME,OVO Energy,Basic Standing Offer,STANDING,TIME_OF_USE,,,,,False,https://www.energymadeeasy.gov.au/plan?id=OVO934259SRE4@EME
OVO934309SBE4@EME,OVO Energy,Basic Standing Offer,STANDING,SINGLE_RATE,,40.768,,,False,https://www.energymadeeasy.gov.au/plan?id=OVO934309SBE4@EME
OVO934296SRE4@EME,OVO Energy,Basic Standing Offer,STANDING,TIME_OF_USE,,,,,False,https://www.energymadeeasy.gov.au/plan?id=OVO934296SRE4@EME
OVO934310SRE4@EME,OVO Energy,Basic Standing Offer,STANDING,SINGLE_RATE,,38.1001,,,False,https://www.energymadeeasy.gov.au/plan?id=OVO934310SRE4@EME
OVO934312SBE4@EME,OVO Energy,Basic Standing Offer,STANDING,SINGLE_RATE,,40.768,,,False,https://www.energymadeeasy.gov.au/plan?id=OVO934312SBE4@EME
BLU1200707MBE1@EME,Blue NRG,Blue Zembl Advantage Credit 101-160,MARKET,SINGLE_RATE,,34.37,2.0,,False,https://www.energymadeeasy.gov.au/plan?id=BLU1200707MBE1@EME
BLU1200705MBE1@EME,Blue NRG,Blue Zembl Advantage Credit 101-160,MARKET,TIME_OF_USE,,,2.0,,False,https://www.energymadeeasy.gov.au/plan?id=BLU1200705MBE1@EME
BLU1200706MBE1@EME,Blue NRG,Blue Zembl Advantage Credit 101-160,MARKET,TIME_OF_USE,,,2.0,,False,https://www.energymadeeasy.gov.au/plan?id=BLU1200706MBE1@EME
BLU1200621MBE1@EME,Blue NRG,Blue Zembl Advantage Credit 26-40,MARKET,TIME_OF_USE,,,2.0,,False,https://www.energymadeeasy.gov.au/plan?id=BLU1200621MBE1@EME
BLU1200664MBE1@EME,Blue NRG,Blue Zembl Advantage Credit 41-100,MARKET,TIME_OF_USE,,,2.0,,False,https://www.energymadeeasy.gov.au/plan?id=BLU1200664MBE1@EME
BLU1200622MBE1@EME,Blue NRG,Blue Zembl Advantage Credit 26-40,MARKET,TIME_OF_USE,,,2.0,,False,https://www.energymadeeasy.gov.au/plan?id=BLU1200622MBE1@EME
BLU1200623MBE1@EME,Blue NRG,Blue Zembl Advantage Credit 26-40,MARKET,SINGLE_RATE,,35.22,2.0,,False,https://www.energymadeeasy.gov.au/plan?id=BLU1200623MBE1@EME
BLU1200663MBE1@EME,Blue NRG,Blue Zembl Advantage Credit 41-100,MARKET,TIME_OF_USE,,,2.0,,False,https://www.energymadeeasy.gov.au/plan?id=BLU1200663MBE1@EME
BLU1200665MBE1@EME,Blue NRG,Blue Zembl Advantage Credit 41-100,MARKET,SINGLE_RATE,,34.17,2.0,,False,https://www.energymadeeasy.gov.au/plan?id=BLU1200665MBE1@EME
BLU1200488MBE1@EME,Blue NRG,Blue Zembl Advantage Credit 0-10 Mwh,MARKET,SINGLE_RATE,,35.73,2.0,,False,https://www.energymadeeasy.gov.au/plan?id=BLU1200488MBE1@EME
BLU1200486MBE1@EME,Blue NRG,Blue Zembl Advantage Credit 0-10 Mwh,MARKET,TIME_OF_USE,,,2.0,,False,https://www.energymadeeasy.gov.au/plan?id=BLU1200486MBE1@EME
BLU1200533MBE1@EME,Blue NRG,Blue Zembl Advantage Credit 11-25 Mwh,MARKET,SINGLE_RATE,,35.39,2.0,,False,https://www.energymadeeasy.gov.au/plan?id=BLU1200533MBE1@EME
BLU1200487MBE1@EME,Blue NRG,Blue Zembl Advantage Credit 0-10 Mwh,MARKET,TIME_OF_USE,,,2.0,,False,https://www.energymadeeasy.gov.au/plan?id=BLU1200487MBE1@EME
BLU1200532MBE1@EME,Blue NRG,Blue Zembl Advantage Credit 11-25 Mwh,MARKET,TIME_OF_USE,,,2.0,,False,https://www.energymadeeasy.gov.au/plan?id=BLU1200532MBE1@EME
BLU1200531MBE1@EME,Blue NRG,Blue Zembl Advantage Credit 11-25 Mwh,MARKET,TIME_OF_USE,,,2.0,,False,https://www.energymadeeasy.gov.au/plan?id=BLU1200531MBE1@EME
BLU1199107MBE1@EME,Blue NRG,Blue NEO,MARKET,TIME_OF_USE,,,2.0,,False,https://www.energymadeeasy.gov.au/plan?id=BLU1199107MBE1@EME
BLU1199094MBE1@EME,Blue NRG,Blue NEO,MARKET,TIME_OF_USE,,,2.0,,False,https://www.energymadeeasy.gov.au/plan?id=BLU1199094MBE1@EME
BLU1199076MBE1@EME,Blue NRG,Blue NEO,MARKET,SINGLE_RATE,,37.228,2.0,,False,https://www.energymadeeasy.gov.au/plan?id=BLU1199076MBE1@EME
BLU1176602MBE1@EME,Blue NRG,Blue Lightning 2026 0-10,MARKET,TIME_OF_USE,,,2.0,,False,https://www.energymadeeasy.gov.au/plan?id=BLU1176602MBE1@EME
BLU1176603MBE1@EME,Blue NRG,Blue Lightning 2026 0-10,MARKET,SINGLE_RATE,,34.55,2.0,,False,https://www.energymadeeasy.gov.au/plan?id=BLU1176603MBE1@EME
BLU1176663MBE1@EME,Blue NRG,Blue Lightning 2026 11-25,MARKET,TIME_OF_USE,,,2.0,,False,https://www.energymadeeasy.gov.au/plan?id=BLU1176663MBE1@EME
BLU1176795MBE1@EME,Blue NRG,Blue Lightning 2026 41-100,MARKET,SINGLE_RATE,,33.43,2.0,,False,https://www.energymadeeasy.gov.au/plan?id=BLU1176795MBE1@EME
BLU1176662MBE1@EME,Blue NRG,Blue Lightning 2026 11-25,MARKET,TIME_OF_USE,,,2.0,,False,https://www.energymadeeasy.gov.au/plan?id=BLU1176662MBE1@EME
BLU1176664MBE1@EME,Blue NRG,Blue Lightning 2026 11-25,MARKET,SINGLE_RATE,,34.01,2.0,,False,https://www.energymadeeasy.gov.au/plan?id=BLU1176664MBE1@EME
BLU1176794MBE1@EME,Blue NRG,Blue Lightning 2026 41-100,MARKET,TIME_OF_USE,,,2.0,,False,https://www.energymadeeasy.gov.au/plan?id=BLU1176794MBE1@EME
BLU1176793MBE1@EME,Blue NRG,Blue Lightning 2026 41-100,MARKET,TIME_OF_USE,,,2.0,,False,https://www.energymadeeasy.gov.au/plan?id=BLU1176793MBE1@EME
BLU1176601MBE1@EME,Blue NRG,Blue Lightning 2026 0-10,MARKET,TIME_OF_USE,,,2.0,,False,https://www.energymadeeasy.gov.au/plan?id=BLU1176601MBE1@EME
BLU1176752MBE1@EME,Blue NRG,Blue Lightning 2026 26-40,MARKET,TIME_OF_USE,,,2.0,,False,https://www.energymadeeasy.gov.au/plan?id=BLU1176752MBE1@EME
BLU1176836MBE1@EME,Blue NRG,Blue Lightning 2026 101-160,MARKET,TIME_OF_USE,,,2.0,,False,https://www.energymadeeasy.gov.au/plan?id=BLU1176836MBE1@EME
BLU1176751MBE1@EME,Blue NRG,Blue Lightning 2026 26-40,MARKET,TIME_OF_USE,,,2.0,,False,https://www.energymadeeasy.gov.au/plan?id=BLU1176751MBE1@EME
BLU1176753MBE1@EME,Blue NRG,Blue Lightning 2026 26-40,MARKET,SINGLE_RATE,,33.75,2.0,,False,https://www.energymadeeasy.gov.au/plan?id=BLU1176753MBE1@EME
BLU1176835MBE1@EME,Blue NRG,Blue Lightning 2026 101-160,MARKET,TIME_OF_USE,,,2.0,,False,https://www.energymadeeasy.gov.au/plan?id=BLU1176835MBE1@EME
BLU1176837MBE1@EME,Blue NRG,Blue Lightning 2026 101-160,MARKET,SINGLE_RATE,,33.01,2.0,,False,https://www.energymadeeasy.gov.au/plan?id=BLU1176837MBE1@EME
BLU1176513MBE1@EME,Blue NRG,Blue Direct ABC,MARKET,TIME_OF_USE,,,2.0,,False,https://www.energymadeeasy.gov.au/plan?id=BLU1176513MBE1@EME
BLU1176515MBE1@EME,Blue NRG,Blue Direct ABC,MARKET,TIME_OF_USE,,,2.0,,False,https://www.energymadeeasy.gov.au/plan?id=BLU1176515MBE1@EME
BLU1176552MBE1@EME,Blue NRG,Blue Direct ABC,MARKET,SINGLE_RATE,,33.31,2.0,,False,https://www.energymadeeasy.gov.au/plan?id=BLU1176552MBE1@EME
BLU1172072MBE1@EME,Blue NRG,Blue Thunder 2026 101-160,MARKET,SINGLE_RATE,,33.01,2.0,,False,https://www.energymadeeasy.gov.au/plan?id=BLU1172072MBE1@EME
BLU1172071MBE1@EME,Blue NRG,Blue Thunder 2026 101-160,MARKET,TIME_OF_USE,,,2.0,,False,https://www.energymadeeasy.gov.au/plan?id=BLU1172071MBE1@EME
BLU1172070MBE1@EME,Blue NRG,Blue Thunder 2026 101-160,MARKET,TIME_OF_USE,,,2.0,,False,https://www.energymadeeasy.gov.au/plan?id=BLU1172070MBE1@EME
BLU1171983MBE1@EME,Blue NRG,Blue Thunder 2026 41-100,MARKET,TIME_OF_USE,,,2.0,,False,https://www.energymadeeasy.gov.au/plan?id=BLU1171983MBE1@EME
BLU1171984MBE1@EME,Blue NRG,Blue Thunder 2026 41-100,MARKET,TIME_OF_USE,,,2.0,,False,https://www.energymadeeasy.gov.au/plan?id=BLU1171984MBE1@EME
BLU1171985MBE1@EME,Blue NRG,Blue Thunder 2026 41-100,MARKET,SINGLE_RATE,,33.43,2.0,,False,https://www.energymadeeasy.gov.au/plan?id=BLU1171985MBE1@EME
BLU1172161MBE1@EME,Blue NRG,Blue Thunder 2026 25-40,MARKET,TIME_OF_USE,,,2.0,,False,https://www.energymadeeasy.gov.au/plan?id=BLU1172161MBE1@EME
BLU1172162MBE1@EME,Blue NRG,Blue Thunder 2026 25-40,MARKET,SINGLE_RATE,,33.75,2.0,,False,https://www.energymadeeasy.gov.au/plan?id=BLU1172162MBE1@EME
BLU1172160MBE1@EME,Blue NRG,Blue Thunder 2026 25-40,MARKET,TIME_OF_USE,,,2.0,,False,https://www.energymadeeasy.gov.au/plan?id=BLU1172160MBE1@EME
BLU1172028MBE1@EME,Blue NRG,Blue Thunder 2026 0-10,MARKET,TIME_OF_USE,,,2.0,,False,https://www.energymadeeasy.gov.au/plan?id=BLU1172028MBE1@EME
BLU1172030MBE1@EME,Blue NRG,Blue Thunder 2026 0-10,MARKET,SINGLE_RATE,,34.55,2.0,,False,https://www.energymadeeasy.gov.au/plan?id=BLU1172030MBE1@EME
BLU1172029MBE1@EME,Blue NRG,Blue Thunder 2026 0-10,MARKET,TIME_OF_USE,,,2.0,,False,https://www.energymadeeasy.gov.au/plan?id=BLU1172029MBE1@EME
BLU1172116MBE1@EME,Blue NRG,Blue Thunder 2026 11-25,MARKET,TIME_OF_USE,,,2.0,,False,https://www.energymadeeasy.gov.au/plan?id=BLU1172116MBE1@EME
BLU1172115MBE1@EME,Blue NRG,Blue Thunder 2026 11-25,MARKET,TIME_OF_USE,,,2.0,,False,https://www.energymadeeasy.gov.au/plan?id=BLU1172115MBE1@EME
BLU1172117MBE1@EME,Blue NRG,Blue Thunder 2026 11-25,MARKET,SINGLE_RATE,,34.01,2.0,,False,https://www.energymadeeasy.gov.au/plan?id=BLU1172117MBE1@EME
BLU1165111MBE1@EME,Blue NRG,Blue Megawatt 2560,MARKET,TIME_OF_USE,,,2.0,,False,https://www.energymadeeasy.gov.au/plan?id=BLU1165111MBE1@EME
BLU1165096MBE1@EME,Blue NRG,Blue Megawatt 2560,MARKET,TIME_OF_USE,,,2.0,,False,https://www.energymadeeasy.gov.au/plan?id=BLU1165096MBE1@EME
BLU1165084MBE1@EME,Blue NRG,Blue Megawatt 2560,MARKET,SINGLE_RATE,,37.228,2.0,,False,https://www.energymadeeasy.gov.au/plan?id=BLU1165084MBE1@EME
BLU1119464MBE1@EME,Blue NRG,DMO FY26-27,MARKET,TIME_OF_USE,,,2.0,,False,https://www.energymadeeasy.gov.au/plan?id=BLU1119464MBE1@EME
BLU1119477SBE1@EME,Blue NRG,DMO FY26-27,STANDING,SINGLE_RATE,,40.76,2.0,,False,https://www.energymadeeasy.gov.au/plan?id=BLU1119477SBE1@EME
BLU1096771MBE1@EME,Blue NRG,Blue NEO 2026,MARKET,TIME_OF_USE,,,2.0,,False,https://www.energymadeeasy.gov.au/plan?id=BLU1096771MBE1@EME
BLU1096772MBE1@EME,Blue NRG,Blue NEO 2026,MARKET,TIME_OF_USE,,,2.0,,False,https://www.energymadeeasy.gov.au/plan?id=BLU1096772MBE1@EME
BLU1096773MBE1@EME,Blue NRG,Blue NEO 2026,MARKET,SINGLE_RATE,,37.228,2.0,,False,https://www.energymadeeasy.gov.au/plan?id=BLU1096773MBE1@EME
BLU1052846MBE1@EME,Blue NRG,Blue Business Edge,MARKET,SINGLE_RATE,,36.29,2.0,,False,https://www.energymadeeasy.gov.au/plan?id=BLU1052846MBE1@EME
BLU1043617MBE1@EME,Blue NRG,Blue Zembl Edge,MARKET,TIME_OF_USE,,,2.0,,False,https://www.energymadeeasy.gov.au/plan?id=BLU1043617MBE1@EME
BLU1043606MBE1@EME,Blue NRG,Blue Zembl Edge,MARKET,SINGLE_RATE,,36.29,2.0,,False,https://www.energymadeeasy.gov.au/plan?id=BLU1043606MBE1@EME
BLU1043607MBE1@EME,Blue NRG,Blue Zembl Edge,MARKET,TIME_OF_USE,,,2.0,,False,https://www.energymadeeasy.gov.au/plan?id=BLU1043607MBE1@EME
BLU1043594MBE1@EME,Blue NRG,Blue Zembl Edge,MARKET,SINGLE_RATE,,38.03,2.0,,False,https://www.energymadeeasy.gov.au/plan?id=BLU1043594MBE1@EME
BLU1043597MBE1@EME,Blue NRG,Blue Zembl Edge,MARKET,TIME_OF_USE,,,2.0,,False,https://www.energymadeeasy.gov.au/plan?id=BLU1043597MBE1@EME
BLU1043408MBE1@EME,Blue NRG,Blue Business Edge,MARKET,TIME_OF_USE,,,2.0,,False,https://www.energymadeeasy.gov.au/plan?id=BLU1043408MBE1@EME
BLU1043396MBE1@EME,Blue NRG,Blue Business Edge,MARKET,TIME_OF_USE,,,2.0,,False,https://www.energymadeeasy.gov.au/plan?id=BLU1043396MBE1@EME
BLU1043410MBE1@EME,Blue NRG,Blue Business Edge,MARKET,TIME_OF_USE,,,2.0,,False,https://www.energymadeeasy.gov.au/plan?id=BLU1043410MBE1@EME
BLU1043398MBE1@EME,Blue NRG,Blue Business Edge,MARKET,TIME_OF_USE,,,2.0,,False,https://www.energymadeeasy.gov.au/plan?id=BLU1043398MBE1@EME
BLU1033548MBE1@EME,Blue NRG,Blue Diamond 2026,MARKET,TIME_OF_USE,,,2.0,,False,https://www.energymadeeasy.gov.au/plan?id=BLU1033548MBE1@EME
BLU1033547MBE1@EME,Blue NRG,Blue Diamond 2026,MARKET,SINGLE_RATE,,43.11,2.0,,False,https://www.energymadeeasy.gov.au/plan?id=BLU1033547MBE1@EME
BLU1033550MBE1@EME,Blue NRG,Blue Diamond 2026,MARKET,TIME_OF_USE,,,2.0,,False,https://www.energymadeeasy.gov.au/plan?id=BLU1033550MBE1@EME
BLU1033551MBE1@EME,Blue NRG,Blue Diamond 2026,MARKET,TIME_OF_USE,,,2.0,,False,https://www.energymadeeasy.gov.au/plan?id=BLU1033551MBE1@EME
BLU1033549MBE1@EME,Blue NRG,Blue Diamond 2026,MARKET,TIME_OF_USE,,,2.0,,False,https://www.energymadeeasy.gov.au/plan?id=BLU1033549MBE1@EME
BLU1033552MBE1@EME,Blue NRG,Blue Diamond 2026,MARKET,SINGLE_RATE,,43.11,2.0,,False,https://www.energymadeeasy.gov.au/plan?id=BLU1033552MBE1@EME
NTR1154736MRE1@EME,Nectr,Nectr GreenPower + CL 2 - August 2026,MARKET,SINGLE_RATE,,37.7192,44.0,,False,https://www.energymadeeasy.gov.au/plan?id=NTR1154736MRE1@EME
NTR1154735MRE1@EME,Nectr,Nectr GreenPower + CL 1 - August 2026,MARKET,SINGLE_RATE,,37.7192,44.0,,False,https://www.energymadeeasy.gov.au/plan?id=NTR1154735MRE1@EME
NTR1154734MRE1@EME,Nectr,Nectr GreenPower - August 2026,MARKET,SINGLE_RATE,,37.7192,44.0,,False,https://www.energymadeeasy.gov.au/plan?id=NTR1154734MRE1@EME
NTR1154737MRE1@EME,Nectr,Nectr GreenPower TOU - August 2026,MARKET,TIME_OF_USE,,,44.0,,False,https://www.energymadeeasy.gov.au/plan?id=NTR1154737MRE1@EME
NTR1154739MRE1@EME,Nectr,Nectr GreenPower TOU + CL 2 - August 2026,MARKET,TIME_OF_USE,,,44.0,,False,https://www.energymadeeasy.gov.au/plan?id=NTR1154739MRE1@EME
NTR1154738MRE1@EME,Nectr,Nectr GreenPower TOU + CL 1 - August 2026,MARKET,TIME_OF_USE,,,44.0,,False,https://www.energymadeeasy.gov.au/plan?id=NTR1154738MRE1@EME
DOD146947SRE16@EME,Dodo,Residential Standing,STANDING,TIME_OF_USE,,,44.0,,False,https://www.energymadeeasy.gov.au/plan?id=DOD146947SRE16@EME
DOD146946SRE12@EME,Dodo,Residential Standing,STANDING,TIME_OF_USE,,,44.0,,False,https://www.energymadeeasy.gov.au/plan?id=DOD146946SRE12@EME
DOD221764SBE12@EME,Dodo,Business Standing,STANDING,TIME_OF_USE,,,44.0,,False,https://www.energymadeeasy.gov.au/plan?id=DOD221764SBE12@EME
DOD221763SBE10@EME,Dodo,Business Standing,STANDING,TIME_OF_USE,,,44.0,,False,https://www.energymadeeasy.gov.au/plan?id=DOD221763SBE10@EME
DOD221762SBE10@EME,Dodo,Business Standing,STANDING,SINGLE_RATE,,40.768,44.0,,False,https://www.energymadeeasy.gov.au/plan?id=DOD221762SBE10@EME
DOD221765SBE10@EME,Dodo,Business Standing,STANDING,SINGLE_RATE,,40.768,44.0,,False,https://www.energymadeeasy.gov.au/plan?id=DOD221765SBE10@EME
DOD14016SRE11@EME,Dodo,Residential Standing,STANDING,SINGLE_RATE,,38.1002,44.0,,False,https://www.energymadeeasy.gov.au/plan?id=DOD14016SRE11@EME
DOD14015SRE12@EME,Dodo,Residential Standing,STANDING,SINGLE_RATE,,38.1002,44.0,,False,https://www.energymadeeasy.gov.au/plan?id=DOD14015SRE12@EME
DOD1110329SRE1@EME,Dodo,Solar Sharer Offer,STANDING,TIME_OF_USE,,,1.0,,False,https://www.energymadeeasy.gov.au/plan?id=DOD1110329SRE1@EME
MOM1173866MBE1@EME,Momentum Energy,Busy Business,MARKET,TIME_OF_USE,,,44.0,,False,https://www.energymadeeasy.gov.au/plan?id=MOM1173866MBE1@EME
MOM1173865MBE1@EME,Momentum Energy,Busy Business,MARKET,TIME_OF_USE,,,44.0,,False,https://www.energymadeeasy.gov.au/plan?id=MOM1173865MBE1@EME
MOM1173863MBE1@EME,Momentum Energy,Busy Business,MARKET,TIME_OF_USE,,,44.0,,False,https://www.energymadeeasy.gov.au/plan?id=MOM1173863MBE1@EME
MOM1173864MBE1@EME,Momentum Energy,Busy Business,MARKET,TIME_OF_USE,,,44.0,,False,https://www.energymadeeasy.gov.au/plan?id=MOM1173864MBE1@EME
MOM1173862MBE1@EME,Momentum Energy,Busy Business,MARKET,SINGLE_RATE,,36.0,44.0,,False,https://www.energymadeeasy.gov.au/plan?id=MOM1173862MBE1@EME
MOM1151305MBE2@EME,Momentum Energy,Strictly Business,MARKET,SINGLE_RATE,,40.8,44.0,,False,https://www.energymadeeasy.gov.au/plan?id=MOM1151305MBE2@EME
MOM1151359MBE2@EME,Momentum Energy,Strictly Business,MARKET,TIME_OF_USE,,,44.0,,False,https://www.energymadeeasy.gov.au/plan?id=MOM1151359MBE2@EME
MOM1154774MBE2@EME,Momentum Energy,Strictly Business,MARKET,TIME_OF_USE,,,44.0,,False,https://www.energymadeeasy.gov.au/plan?id=MOM1154774MBE2@EME
MOM1154775MBE2@EME,Momentum Energy,Strictly Business,MARKET,TIME_OF_USE,,,44.0,,False,https://www.energymadeeasy.gov.au/plan?id=MOM1154775MBE2@EME
MOM1151384MRE2@EME,Momentum Energy,Suit Yourself Electricity,MARKET,TIME_OF_USE,,,44.0,,False,https://www.energymadeeasy.gov.au/plan?id=MOM1151384MRE2@EME
MOM1151355MBE2@EME,Momentum Energy,Strictly Business,MARKET,TIME_OF_USE,,,44.0,,False,https://www.energymadeeasy.gov.au/plan?id=MOM1151355MBE2@EME
MOM1151250MRE2@EME,Momentum Energy,Suit Yourself Electricity,MARKET,TIME_OF_USE,,,44.0,,False,https://www.energymadeeasy.gov.au/plan?id=MOM1151250MRE2@EME
MOM1151248MRE2@EME,Momentum Energy,Suit Yourself Electricity,MARKET,SINGLE_RATE,,38.1,44.0,,False,https://www.energymadeeasy.gov.au/plan?id=MOM1151248MRE2@EME
MOM1174216MRE1@EME,Momentum Energy,Warm Welcome,MARKET,TIME_OF_USE,,,44.0,,False,https://www.energymadeeasy.gov.au/plan?id=MOM1174216MRE1@EME
MOM1174217MRE1@EME,Momentum Energy,Warm Welcome,MARKET,TIME_OF_USE,,,44.0,,False,https://www.energymadeeasy.gov.au/plan?id=MOM1174217MRE1@EME
MOM1174215MRE1@EME,Momentum Energy,Warm Welcome,MARKET,SINGLE_RATE,,33.8,44.0,,False,https://www.energymadeeasy.gov.au/plan?id=MOM1174215MRE1@EME
MOM1174041MRE1@EME,Momentum Energy,NAB Goodies,MARKET,TIME_OF_USE,,,44.0,,False,https://www.energymadeeasy.gov.au/plan?id=MOM1174041MRE1@EME
MOM1174040MRE1@EME,Momentum Energy,NAB Goodies,MARKET,TIME_OF_USE,,,44.0,,False,https://www.energymadeeasy.gov.au/plan?id=MOM1174040MRE1@EME
MOM1174039MRE1@EME,Momentum Energy,NAB Goodies,MARKET,SINGLE_RATE,,33.8,44.0,,False,https://www.energymadeeasy.gov.au/plan?id=MOM1174039MRE1@EME
MOM1173975MBE1@EME,Momentum Energy,NAB Business,MARKET,TIME_OF_USE,,,44.0,,False,https://www.energymadeeasy.gov.au/plan?id=MOM1173975MBE1@EME
MOM1173977MBE1@EME,Momentum Energy,NAB Business,MARKET,TIME_OF_USE,,,44.0,,False,https://www.energymadeeasy.gov.au/plan?id=MOM1173977MBE1@EME
MOM1173974MBE1@EME,Momentum Energy,NAB Business,MARKET,SINGLE_RATE,,36.0,44.0,,False,https://www.energymadeeasy.gov.au/plan?id=MOM1173974MBE1@EME
MOM1173978MBE1@EME,Momentum Energy,NAB Business,MARKET,TIME_OF_USE,,,44.0,,False,https://www.energymadeeasy.gov.au/plan?id=MOM1173978MBE1@EME
MOM1173976MBE1@EME,Momentum Energy,NAB Business,MARKET,TIME_OF_USE,,,44.0,,False,https://www.energymadeeasy.gov.au/plan?id=MOM1173976MBE1@EME
MOM1173928MRE1@EME,Momentum Energy,Home Comfort Electricity,MARKET,TIME_OF_USE,,,44.0,,False,https://www.energymadeeasy.gov.au/plan?id=MOM1173928MRE1@EME
MOM1173927MRE1@EME,Momentum Energy,Home Comfort Electricity,MARKET,SINGLE_RATE,,33.8,44.0,,False,https://www.energymadeeasy.gov.au/plan?id=MOM1173927MRE1@EME
MOM1173929MRE1@EME,Momentum Energy,Home Comfort Electricity,MARKET,TIME_OF_USE,,,44.0,,False,https://www.energymadeeasy.gov.au/plan?id=MOM1173929MRE1@EME
MOM1162922MBE1@EME,Momentum Energy,Bill Boss Electricity,MARKET,TIME_OF_USE,,,44.0,,False,https://www.energymadeeasy.gov.au/plan?id=MOM1162922MBE1@EME
MOM1162920MBE1@EME,Momentum Energy,Bill Boss Electricity,MARKET,TIME_OF_USE,,,44.0,,False,https://www.energymadeeasy.gov.au/plan?id=MOM1162920MBE1@EME
MOM1162923MBE1@EME,Momentum Energy,Bill Boss Electricity,MARKET,TIME_OF_USE,,,44.0,,False,https://www.energymadeeasy.gov.au/plan?id=MOM1162923MBE1@EME
MOM1162921MBE1@EME,Momentum Energy,Bill Boss Electricity,MARKET,TIME_OF_USE,,,44.0,,False,https://www.energymadeeasy.gov.au/plan?id=MOM1162921MBE1@EME
MOM1162917MRE1@EME,Momentum Energy,Bill Boss Electricity,MARKET,TIME_OF_USE,,,44.0,,False,https://www.energymadeeasy.gov.au/plan?id=MOM1162917MRE1@EME
MOM1162919MBE1@EME,Momentum Energy,Bill Boss Electricity,MARKET,SINGLE_RATE,,36.8,44.0,,False,https://www.energymadeeasy.gov.au/plan?id=MOM1162919MBE1@EME
MOM1162918MRE1@EME,Momentum Energy,Bill Boss Electricity,MARKET,TIME_OF_USE,,,44.0,,False,https://www.energymadeeasy.gov.au/plan?id=MOM1162918MRE1@EME
MOM1162916MRE1@EME,Momentum Energy,Bill Boss Electricity,MARKET,SINGLE_RATE,,38.1,44.0,,False,https://www.energymadeeasy.gov.au/plan?id=MOM1162916MRE1@EME
MOM1123757SRE2@EME,Momentum Energy,Standing Offer - Solar Sharer Offer,STANDING,TIME_OF_USE,,,44.0,,False,https://www.energymadeeasy.gov.au/plan?id=MOM1123757SRE2@EME
MOM1063296SRE2@EME,Momentum Energy,Standing Offer - Solar Sharer Offer,STANDING,TIME_OF_USE,,,44.0,,False,https://www.energymadeeasy.gov.au/plan?id=MOM1063296SRE2@EME
MOM916223SBE4@EME,Momentum Energy,Standing Offer,STANDING,TIME_OF_USE,,,44.0,,False,https://www.energymadeeasy.gov.au/plan?id=MOM916223SBE4@EME
MOM916075SRE4@EME,Momentum Energy,Standing Offer,STANDING,TIME_OF_USE,,,44.0,,False,https://www.energymadeeasy.gov.au/plan?id=MOM916075SRE4@EME
MOM916064SRE4@EME,Momentum Energy,Standing Offer,STANDING,TIME_OF_USE,,,44.0,,False,https://www.energymadeeasy.gov.au/plan?id=MOM916064SRE4@EME
MOM916056SBE4@EME,Momentum Energy,Standing Offer,STANDING,TIME_OF_USE,,,44.0,,False,https://www.energymadeeasy.gov.au/plan?id=MOM916056SBE4@EME
MOM916224SBE4@EME,Momentum Energy,Standing Offer,STANDING,TIME_OF_USE,,,44.0,,False,https://www.energymadeeasy.gov.au/plan?id=MOM916224SBE4@EME
MOM916053SBE4@EME,Momentum Energy,Standing Offer,STANDING,SINGLE_RATE,,40.768,44.0,,False,https://www.energymadeeasy.gov.au/plan?id=MOM916053SBE4@EME
MOM916047SRE4@EME,Momentum Energy,Standing Offer,STANDING,SINGLE_RATE,,38.1,44.0,,False,https://www.energymadeeasy.gov.au/plan?id=MOM916047SRE4@EME
MOM916066SRE3@EME,Momentum Energy,Standing Offer,STANDING,TIME_OF_USE,,,44.0,,False,https://www.energymadeeasy.gov.au/plan?id=MOM916066SRE3@EME
MOM916077SBE2@EME,Momentum Energy,Standing Offer,STANDING,TIME_OF_USE,,,44.0,,False,https://www.energymadeeasy.gov.au/plan?id=MOM916077SBE2@EME
MOM916011SRE2@EME,Momentum Energy,Standing Offer,STANDING,SINGLE_RATE,,38.1,44.0,,False,https://www.energymadeeasy.gov.au/plan?id=MOM916011SRE2@EME
MOM916003SBE2@EME,Momentum Energy,Standing Offer,STANDING,SINGLE_RATE,,38.428,44.0,,False,https://www.energymadeeasy.gov.au/plan?id=MOM916003SBE2@EME
MOM916006SBE2@EME,Momentum Energy,Standing Offer,STANDING,TIME_OF_USE,,,44.0,,False,https://www.energymadeeasy.gov.au/plan?id=MOM916006SBE2@EME
TAN918724MRE3@EME,Tango Energy,Home Select,MARKET,TIME_OF_USE,,,44.0,,False,https://www.energymadeeasy.gov.au/plan?id=TAN918724MRE3@EME
TAN918717MBE3@EME,Tango Energy,Business Select,MARKET,SINGLE_RATE,,44.135,44.0,,False,https://www.energymadeeasy.gov.au/plan?id=TAN918717MBE3@EME
TAN918719MBE3@EME,Tango Energy,Business Select,MARKET,TIME_OF_USE,,,44.0,,False,https://www.energymadeeasy.gov.au/plan?id=TAN918719MBE3@EME
TAN918716MBE3@EME,Tango Energy,Business Select,MARKET,SINGLE_RATE,,44.135,44.0,,False,https://www.energymadeeasy.gov.au/plan?id=TAN918716MBE3@EME
TAN918722MRE3@EME,Tango Energy,Home Select,MARKET,SINGLE_RATE,,41.23,44.0,,False,https://www.energymadeeasy.gov.au/plan?id=TAN918722MRE3@EME
TAN918720MBE3@EME,Tango Energy,Business Select,MARKET,TIME_OF_USE,,,44.0,,False,https://www.energymadeeasy.gov.au/plan?id=TAN918720MBE3@EME
TAN918718MBE3@EME,Tango Energy,Business Select,MARKET,TIME_OF_USE,,,44.0,,False,https://www.energymadeeasy.gov.au/plan?id=TAN918718MBE3@EME
TAN918721MRE3@EME,Tango Energy,Home Select,MARKET,SINGLE_RATE,,41.23,44.0,,False,https://www.energymadeeasy.gov.au/plan?id=TAN918721MRE3@EME
TAN918723MRE3@EME,Tango Energy,Home Select,MARKET,TIME_OF_USE,,,44.0,,False,https://www.energymadeeasy.gov.au/plan?id=TAN918723MRE3@EME
TAN1128312SRE2@EME,Tango Energy,Solar Sharer Offer,STANDING,TIME_OF_USE,,,44.0,,False,https://www.energymadeeasy.gov.au/plan?id=TAN1128312SRE2@EME
TAN1128313SRE2@EME,Tango Energy,Solar Sharer Offer,STANDING,TIME_OF_USE,,,44.0,,False,https://www.energymadeeasy.gov.au/plan?id=TAN1128313SRE2@EME
GLO1202243MRE1@EME,Globird Energy,ULTRAEASY Residential (Flat Rate CTL Load)-SAPN,MARKET,SINGLE_RATE,,35.2,44.0,,True,https://www.energymadeeasy.gov.au/plan?id=GLO1202243MRE1@EME
GLO1202246MRE1@EME,Globird Energy,ULTRAEASY Residential (Flexible Rate)-SAPN,MARKET,TIME_OF_USE,,,44.0,,True,https://www.energymadeeasy.gov.au/plan?id=GLO1202246MRE1@EME
GLO1202256MRE1@EME,Globird Energy,FOUR4FREE Residential (Flexible Rate CTL)-SAPN,MARKET,TIME_OF_USE,,,8.0,,True,https://www.energymadeeasy.gov.au/plan?id=GLO1202256MRE1@EME
GLO1202245MRE1@EME,Globird Energy,ULTRAEASY Residential (Flexible Rate CTL Load)-SAPN,MARKET,TIME_OF_USE,,,44.0,,True,https://www.energymadeeasy.gov.au/plan?id=GLO1202245MRE1@EME
GLO1202255MRE1@EME,Globird Energy,FOUR4FREE Residential (Flexible Rate)-SAPN,MARKET,TIME_OF_USE,,,8.0,,True,https://www.energymadeeasy.gov.au/plan?id=GLO1202255MRE1@EME
GLO1202244MRE1@EME,Globird Energy,ULTRAEASY Residential (Flat Rate)-SAPN,MARKET,SINGLE_RATE,,35.2,44.0,,True,https://www.energymadeeasy.gov.au/plan?id=GLO1202244MRE1@EME
GLO1202266MRE1@EME,Globird Energy,EASYEV Residential (Flexible Rate CTL)-SAPN,MARKET,TIME_OF_USE,,,2.0,,False,https://www.energymadeeasy.gov.au/plan?id=GLO1202266MRE1@EME
GLO1202265MRE1@EME,Globird Energy,EASYEV Residential (Flexible Rate)-SAPN,MARKET,TIME_OF_USE,,,2.0,,False,https://www.energymadeeasy.gov.au/plan?id=GLO1202265MRE1@EME
GLO1202234MRE1@EME,Globird Energy,FULLHOUSE Residential (Flat Rate)-SAPN,MARKET,SINGLE_RATE,,32.8,44.0,,False,https://www.energymadeeasy.gov.au/plan?id=GLO1202234MRE1@EME
GLO1202236MRE1@EME,Globird Energy,FULLHOUSE Residential (Flexible Rate)-SAPN,MARKET,TIME_OF_USE,,,44.0,,False,https://www.energymadeeasy.gov.au/plan?id=GLO1202236MRE1@EME
GLO1202235MRE1@EME,Globird Energy,FULLHOUSE Residential (Flexible Rate CTL)-SAPN,MARKET,TIME_OF_USE,,,44.0,,False,https://www.energymadeeasy.gov.au/plan?id=GLO1202235MRE1@EME
GLO1202233MRE1@EME,Globird Energy,FULLHOUSE Residential (Flat Rate CTL Load)-SAPN,MARKET,SINGLE_RATE,,32.8,44.0,,False,https://www.energymadeeasy.gov.au/plan?id=GLO1202233MRE1@EME
GLO1202239MRE1@EME,Globird Energy,GLOHOME Residential (Flexible Rate CTL)-SAPN,MARKET,TIME_OF_USE,,,44.0,,True,https://www.energymadeeasy.gov.au/plan?id=GLO1202239MRE1@EME
GLO1202238MRE1@EME,Globird Energy,GLOHOME Residential (Flat Rate)-SAPN,MARKET,SINGLE_RATE,,34.7,44.0,,True,https://www.energymadeeasy.gov.au/plan?id=GLO1202238MRE1@EME
GLO1202241MRE1@EME,Globird Energy,GLOHOME Residential (Flexible RESELE CTL)-SAPN,MARKET,TIME_OF_USE,,,44.0,,True,https://www.energymadeeasy.gov.au/plan?id=GLO1202241MRE1@EME
GLO1202240MRE1@EME,Globird Energy,GLOHOME Residential (Flexible Rate)-SAPN,MARKET,TIME_OF_USE,,,44.0,,True,https://www.energymadeeasy.gov.au/plan?id=GLO1202240MRE1@EME
GLO1202242MRE1@EME,Globird Energy,GLOHOME Residential (Flexible RESELE)-SAPN,MARKET,TIME_OF_USE,,,44.0,,True,https://www.energymadeeasy.gov.au/plan?id=GLO1202242MRE1@EME
GLO1202237MRE1@EME,Globird Energy,GLOHOME Residential (Flat Rate CTL Load)-SAPN,MARKET,SINGLE_RATE,,34.7,44.0,,True,https://www.energymadeeasy.gov.au/plan?id=GLO1202237MRE1@EME
GLO1168919MRE2@EME,Globird Energy,WHOLESAVE Resi (Single Rate CTL) estimate-SAPN,MARKET,SINGLE_RATE,,24.59,0.0,,False,https://www.energymadeeasy.gov.au/plan?id=GLO1168919MRE2@EME
GLO1168921MRE2@EME,Globird Energy,WHOLESAVE Resi (Two Rate CTL) estimate-SAPN,MARKET,TIME_OF_USE,,,0.0,,False,https://www.energymadeeasy.gov.au/plan?id=GLO1168921MRE2@EME
GLO1168920MRE2@EME,Globird Energy,WHOLESAVE Resi (Two Rate) estimate-SAPN,MARKET,TIME_OF_USE,,,0.0,,False,https://www.energymadeeasy.gov.au/plan?id=GLO1168920MRE2@EME
GLO1168918MRE2@EME,Globird Energy,WHOLESAVE Resi (Single Rate) estimate-SAPN,MARKET,SINGLE_RATE,,24.59,0.0,,False,https://www.energymadeeasy.gov.au/plan?id=GLO1168918MRE2@EME
GLO1176090MRE2@EME,Globird Energy,FREELUNCH Resi (Flexible CTL)-SAPN,MARKET,TIME_OF_USE,,,44.0,,False,https://www.energymadeeasy.gov.au/plan?id=GLO1176090MRE2@EME
GLO1176091MRE2@EME,Globird Energy,FREELUNCH Resi (Flexible Rate)-SAPN,MARKET,TIME_OF_USE,,,44.0,,False,https://www.energymadeeasy.gov.au/plan?id=GLO1176091MRE2@EME
GLO1127667MRE2@EME,Globird Energy,ZEROHERO VPP Residential (Flexible Rate CTL)-SAPN,MARKET,TIME_OF_USE,,,2.0,,False,https://www.energymadeeasy.gov.au/plan?id=GLO1127667MRE2@EME
GLO1127709SRE2@EME,Globird Energy,Resi Standing Offer Prices (Flex Rate)-SAPN,STANDING,TIME_OF_USE,,,44.0,,False,https://www.energymadeeasy.gov.au/plan?id=GLO1127709SRE2@EME
GLO1127708SRE2@EME,Globird Energy,Resi Standing Offer Prices (Flat Rate CTL)-SAPN,STANDING,SINGLE_RATE,,38.1003,44.0,,False,https://www.energymadeeasy.gov.au/plan?id=GLO1127708SRE2@EME
GLO1127710SRE2@EME,Globird Energy,Resi Standing Offer Prices (Flex Rate CTL)-SAPN,STANDING,TIME_OF_USE,,,44.0,,False,https://www.energymadeeasy.gov.au/plan?id=GLO1127710SRE2@EME
GLO1128316SRE2@EME,Globird Energy,Resi Standing Offer (Solar Sharer Offer)-SAPN,STANDING,TIME_OF_USE,,,44.0,,False,https://www.energymadeeasy.gov.au/plan?id=GLO1128316SRE2@EME
GLO1128317SRE2@EME,Globird Energy,Resi Standing Offer (Solar Sharer CTL)-SAPN,STANDING,TIME_OF_USE,,,44.0,,False,https://www.energymadeeasy.gov.au/plan?id=GLO1128317SRE2@EME
GLO1127707SRE2@EME,Globird Energy,Resi Standing Offer Prices (Flat Rate)-SAPN,STANDING,SINGLE_RATE,,38.1003,44.0,,False,https://www.energymadeeasy.gov.au/plan?id=GLO1127707SRE2@EME
GLO1127666MRE2@EME,Globird Energy,ZEROHERO VPP Residential (Flexible Rate)-SAPN,MARKET,TIME_OF_USE,,,2.0,,False,https://www.energymadeeasy.gov.au/plan?id=GLO1127666MRE2@EME
LUM203101MRE26@EME,Lumo Energy (SA),Lumo Basic,MARKET,SINGLE_RATE,,35.77,44.0,,False,https://www.energymadeeasy.gov.au/plan?id=LUM203101MRE26@EME
LUM203107MRE24@EME,Lumo Energy (SA),Lumo Basic (TOUCL),MARKET,SINGLE_RATE,,35.77,44.0,,False,https://www.energymadeeasy.gov.au/plan?id=LUM203107MRE24@EME
LUM203109MRE24@EME,Lumo Energy (SA),Lumo Basic,MARKET,SINGLE_RATE,,35.77,44.0,,False,https://www.energymadeeasy.gov.au/plan?id=LUM203109MRE24@EME
LUM203089MRE22@EME,Lumo Energy (SA),Lumo Basic,MARKET,TIME_OF_USE,,,44.0,,False,https://www.energymadeeasy.gov.au/plan?id=LUM203089MRE22@EME
LUM203103MRE22@EME,Lumo Energy (SA),Lumo Basic,MARKET,TIME_OF_USE,,,44.0,,False,https://www.energymadeeasy.gov.au/plan?id=LUM203103MRE22@EME
LUM763405SBE9@EME,Lumo Energy (SA),Standing Offer (Seasonal Demand),STANDING,TIME_OF_USE,,,44.0,,False,https://www.energymadeeasy.gov.au/plan?id=LUM763405SBE9@EME
LUM23557SBE20@EME,Lumo Energy (SA),Standing Offer,STANDING,TIME_OF_USE,,,44.0,,False,https://www.energymadeeasy.gov.au/plan?id=LUM23557SBE20@EME
LUM23556SBE20@EME,Lumo Energy (SA),Standing Offer,STANDING,SINGLE_RATE,,37.828,44.0,,False,https://www.energymadeeasy.gov.au/plan?id=LUM23556SBE20@EME
LUM1002054SBE4@EME,Lumo Energy (SA),Standing Offer Flat Rate (TOU Seasonal),STANDING,TIME_OF_USE,,,44.0,,False,https://www.energymadeeasy.gov.au/plan?id=LUM1002054SBE4@EME
LUM19143SBE19@EME,Lumo Energy (SA),Standing Offer,STANDING,SINGLE_RATE,,37.828,44.0,,False,https://www.energymadeeasy.gov.au/plan?id=LUM19143SBE19@EME
LUM19153SRE20@EME,Lumo Energy (SA),Standing Offer,STANDING,SINGLE_RATE,,38.1,44.0,,False,https://www.energymadeeasy.gov.au/plan?id=LUM19153SRE20@EME
LUM145166SRE16@EME,Lumo Energy (SA),Standing Offer,STANDING,TIME_OF_USE,,,44.0,,False,https://www.energymadeeasy.gov.au/plan?id=LUM145166SRE16@EME
LUM145292SBE15@EME,Lumo Energy (SA),Standing Offer (TOU Seasonal),STANDING,TIME_OF_USE,,,44.0,,False,https://www.energymadeeasy.gov.au/plan?id=LUM145292SBE15@EME
LUM21992SBE18@EME,Lumo Energy (SA),Standing Offer,STANDING,TIME_OF_USE,,,44.0,,False,https://www.energymadeeasy.gov.au/plan?id=LUM21992SBE18@EME
LUM1002053SRE4@EME,Lumo Energy (SA),Standing Offer Flat Rate,STANDING,TIME_OF_USE,,,44.0,,False,https://www.energymadeeasy.gov.au/plan?id=LUM1002053SRE4@EME
LUM145165SRE17@EME,Lumo Energy (SA),Standing Offer (TOUCL),STANDING,SINGLE_RATE,,38.1,44.0,,False,https://www.energymadeeasy.gov.au/plan?id=LUM145165SRE17@EME
LUM145168SRE16@EME,Lumo Energy (SA),Standing Offer,STANDING,TIME_OF_USE,,,44.0,,False,https://www.energymadeeasy.gov.au/plan?id=LUM145168SRE16@EME
LUM1116704SRE2@EME,Lumo Energy (SA),Solar Sharer Offer (Flexible Ref: SR),STANDING,TIME_OF_USE,,,44.0,,False,https://www.energymadeeasy.gov.au/plan?id=LUM1116704SRE2@EME
LUM1002051SBE4@EME,Lumo Energy (SA),Standing Offer Flat Rate,STANDING,TIME_OF_USE,,,44.0,,False,https://www.energymadeeasy.gov.au/plan?id=LUM1002051SBE4@EME
LUM1002050SBE4@EME,Lumo Energy (SA),Standing Offer Flat Rate,STANDING,TIME_OF_USE,,,44.0,,False,https://www.energymadeeasy.gov.au/plan?id=LUM1002050SBE4@EME
LUM1116705SRE2@EME,Lumo Energy (SA),Solar Sharer Offer (Flexible Ref: TUCL),STANDING,TIME_OF_USE,,,44.0,,False,https://www.energymadeeasy.gov.au/plan?id=LUM1116705SRE2@EME
LUM19152SRE22@EME,Lumo Energy (SA),Standing Offer,STANDING,SINGLE_RATE,,38.1,44.0,,False,https://www.energymadeeasy.gov.au/plan?id=LUM19152SRE22@EME
LUM1116703SRE2@EME,Lumo Energy (SA),Solar Sharer Offer (Flexible Ref: SRCL),STANDING,TIME_OF_USE,,,44.0,,False,https://www.energymadeeasy.gov.au/plan?id=LUM1116703SRE2@EME
LUM1002049SRE4@EME,Lumo Energy (SA),Standing Offer Flat Rate,STANDING,TIME_OF_USE,,,44.0,,False,https://www.energymadeeasy.gov.au/plan?id=LUM1002049SRE4@EME
LUM1002052SBE4@EME,Lumo Energy (SA),Standing Offer Flat Rate (Seasonal Demand),STANDING,TIME_OF_USE,,,44.0,,False,https://www.energymadeeasy.gov.au/plan?id=LUM1002052SBE4@EME
LUM1116702SRE2@EME,Lumo Energy (SA),Solar Sharer Offer (Flexible Ref: TU),STANDING,TIME_OF_USE,,,44.0,,False,https://www.energymadeeasy.gov.au/plan?id=LUM1116702SRE2@EME
LUM203104MBE21@EME,Lumo Energy (SA),Lumo Basic (TOU Seasonal),MARKET,TIME_OF_USE,,,44.0,,False,https://www.energymadeeasy.gov.au/plan?id=LUM203104MBE21@EME
LUM203091MBE22@EME,Lumo Energy (SA),Lumo Basic,MARKET,TIME_OF_USE,,,44.0,,False,https://www.energymadeeasy.gov.au/plan?id=LUM203091MBE22@EME
LUM203116MBE24@EME,Lumo Energy (SA),Lumo Basic,MARKET,TIME_OF_USE,,,44.0,,False,https://www.energymadeeasy.gov.au/plan?id=LUM203116MBE24@EME
LUM203096MBE21@EME,Lumo Energy (SA),Lumo Basic (Seasonal Demand),MARKET,TIME_OF_USE,,,44.0,,False,https://www.energymadeeasy.gov.au/plan?id=LUM203096MBE21@EME
LUM203100MBE22@EME,Lumo Energy (SA),Lumo Basic,MARKET,SINGLE_RATE,,39.35,44.0,,False,https://www.energymadeeasy.gov.au/plan?id=LUM203100MBE22@EME
LUM203090MBE24@EME,Lumo Energy (SA),Lumo Basic,MARKET,SINGLE_RATE,,39.35,44.0,,False,https://www.energymadeeasy.gov.au/plan?id=LUM203090MBE24@EME
RED21278SRE17@EME,Red Energy,Standing Offer,STANDING,SINGLE_RATE,,38.1,44.0,,False,https://www.energymadeeasy.gov.au/plan?id=RED21278SRE17@EME
RED21277SRE18@EME,Red Energy,Standing Offer,STANDING,SINGLE_RATE,,38.1,44.0,,False,https://www.energymadeeasy.gov.au/plan?id=RED21277SRE18@EME
RED21275SBE16@EME,Red Energy,Standing Offer,STANDING,SINGLE_RATE,,37.828,44.0,,False,https://www.energymadeeasy.gov.au/plan?id=RED21275SBE16@EME
RED21276SBE17@EME,Red Energy,Standing Offer,STANDING,SINGLE_RATE,,37.828,44.0,,False,https://www.energymadeeasy.gov.au/plan?id=RED21276SBE17@EME
RED145169SRE16@EME,Red Energy,Standing Offer (TOUCL),STANDING,SINGLE_RATE,,38.1,44.0,,False,https://www.energymadeeasy.gov.au/plan?id=RED145169SRE16@EME
RED145171SBE13@EME,Red Energy,Standing Offer (TOU Seasonal),STANDING,TIME_OF_USE,,,44.0,,False,https://www.energymadeeasy.gov.au/plan?id=RED145171SBE13@EME
RED145172SRE15@EME,Red Energy,Standing Offer,STANDING,TIME_OF_USE,,,44.0,,False,https://www.energymadeeasy.gov.au/plan?id=RED145172SRE15@EME
RED145170SRE14@EME,Red Energy,Standing Offer,STANDING,TIME_OF_USE,,,44.0,,False,https://www.energymadeeasy.gov.au/plan?id=RED145170SRE14@EME
RED1116700SRE2@EME,Red Energy,Solar Sharer Offer (Flexible Ref: SRCL),STANDING,TIME_OF_USE,,,44.0,,False,https://www.energymadeeasy.gov.au/plan?id=RED1116700SRE2@EME
RED1116699SRE2@EME,Red Energy,Solar Sharer Offer (Flexible Ref: TUCL),STANDING,TIME_OF_USE,,,44.0,,False,https://www.energymadeeasy.gov.au/plan?id=RED1116699SRE2@EME
RED1116698SRE2@EME,Red Energy,Solar Sharer Offer (Flexible Ref: SR),STANDING,TIME_OF_USE,,,44.0,,False,https://www.energymadeeasy.gov.au/plan?id=RED1116698SRE2@EME
RED1116701SRE2@EME,Red Energy,Solar Sharer Offer (Flexible Ref: TU),STANDING,TIME_OF_USE,,,44.0,,False,https://www.energymadeeasy.gov.au/plan?id=RED1116701SRE2@EME
RED1002059SBE4@EME,Red Energy,Standing Offer Flat Rate (TOU Seasonal),STANDING,TIME_OF_USE,,,44.0,,False,https://www.energymadeeasy.gov.au/plan?id=RED1002059SBE4@EME
RED1002057SBE4@EME,Red Energy,Standing Offer Flat Rate,STANDING,TIME_OF_USE,,,44.0,,False,https://www.energymadeeasy.gov.au/plan?id=RED1002057SBE4@EME
RED1002058SRE4@EME,Red Energy,Standing Offer Flat Rate,STANDING,TIME_OF_USE,,,44.0,,False,https://www.energymadeeasy.gov.au/plan?id=RED1002058SRE4@EME
RED1002055SBE4@EME,Red Energy,Standing Offer Flat Rate,STANDING,TIME_OF_USE,,,44.0,,False,https://www.energymadeeasy.gov.au/plan?id=RED1002055SBE4@EME
RED1002060SBE4@EME,Red Energy,Standing Offer Flat Rate (Seasonal Demand),STANDING,TIME_OF_USE,,,44.0,,False,https://www.energymadeeasy.gov.au/plan?id=RED1002060SBE4@EME
RED1002056SRE4@EME,Red Energy,Standing Offer Flat Rate,STANDING,TIME_OF_USE,,,44.0,,False,https://www.energymadeeasy.gov.au/plan?id=RED1002056SRE4@EME
RED763406SBE8@EME,Red Energy,Standing Offer (Seasonal Demand),STANDING,TIME_OF_USE,,,44.0,,False,https://www.energymadeeasy.gov.au/plan?id=RED763406SBE8@EME
RED21580SBE16@EME,Red Energy,Standing Offer,STANDING,TIME_OF_USE,,,44.0,,False,https://www.energymadeeasy.gov.au/plan?id=RED21580SBE16@EME
RED21581SBE17@EME,Red Energy,Standing Offer,STANDING,TIME_OF_USE,,,44.0,,False,https://www.energymadeeasy.gov.au/plan?id=RED21581SBE17@EME
RED552641MRE15@EME,Red Energy,Red Wildlife Saver,MARKET,SINGLE_RATE,,37.9,44.0,,False,https://www.energymadeeasy.gov.au/plan?id=RED552641MRE15@EME
RED552295MRE16@EME,Red Energy,Qantas Red Saver,MARKET,TIME_OF_USE,,,44.0,,False,https://www.energymadeeasy.gov.au/plan?id=RED552295MRE16@EME
RED552769MRE16@EME,Red Energy,Red BCNA Saver (TOUCL),MARKET,SINGLE_RATE,,37.9,44.0,,False,https://www.energymadeeasy.gov.au/plan?id=RED552769MRE16@EME
RED552675MRE16@EME,Red Energy,Red Wildlife Saver (TOUCL),MARKET,SINGLE_RATE,,37.9,44.0,,False,https://www.energymadeeasy.gov.au/plan?id=RED552675MRE16@EME
RED552772MRE15@EME,Red Energy,Red BCNA Saver,MARKET,TIME_OF_USE,,,44.0,,False,https://www.energymadeeasy.gov.au/plan?id=RED552772MRE15@EME
RED552475MBE13@EME,Red Energy,Qantas Red Business Plus (Seasonal Demand),MARKET,TIME_OF_USE,,,44.0,,False,https://www.energymadeeasy.gov.au/plan?id=RED552475MBE13@EME
RED552294MRE17@EME,Red Energy,Qantas Red Saver,MARKET,TIME_OF_USE,,,44.0,,False,https://www.energymadeeasy.gov.au/plan?id=RED552294MRE17@EME
RED552297MRE18@EME,Red Energy,Qantas Red Saver (TOUCL),MARKET,SINGLE_RATE,,37.9,44.0,,False,https://www.energymadeeasy.gov.au/plan?id=RED552297MRE18@EME
RED552198MRE14@EME,Red Energy,Living Energy Saver,MARKET,SINGLE_RATE,,37.9,44.0,,False,https://www.energymadeeasy.gov.au/plan?id=RED552198MRE14@EME
RED552209MRE15@EME,Red Energy,Living Energy Saver,MARKET,SINGLE_RATE,,37.9,44.0,,False,https://www.energymadeeasy.gov.au/plan?id=RED552209MRE15@EME
RED552210MBE13@EME,Red Energy,Red Business Saver,MARKET,SINGLE_RATE,,37.828,44.0,,False,https://www.energymadeeasy.gov.au/plan?id=RED552210MBE13@EME
RED552217MBE13@EME,Red Energy,Red Business Saver,MARKET,TIME_OF_USE,,,44.0,,False,https://www.energymadeeasy.gov.au/plan?id=RED552217MBE13@EME
RED552203MBE14@EME,Red Energy,Red Business Saver,MARKET,TIME_OF_USE,,,44.0,,False,https://www.energymadeeasy.gov.au/plan?id=RED552203MBE14@EME
RED552213MBE14@EME,Red Energy,Red Business Saver,MARKET,SINGLE_RATE,,37.828,44.0,,False,https://www.energymadeeasy.gov.au/plan?id=RED552213MBE14@EME
RED552134MBE12@EME,Red Energy,Red Business Saver (Seasonal Demand),MARKET,TIME_OF_USE,,,44.0,,False,https://www.energymadeeasy.gov.au/plan?id=RED552134MBE12@EME
RED552148MBE12@EME,Red Energy,Red Business Saver (TOU Seasonal),MARKET,TIME_OF_USE,,,44.0,,False,https://www.energymadeeasy.gov.au/plan?id=RED552148MBE12@EME
RED552141MRE13@EME,Red Energy,Living Energy Saver,MARKET,TIME_OF_USE,,,44.0,,False,https://www.energymadeeasy.gov.au/plan?id=RED552141MRE13@EME
RED552132MRE14@EME,Red Energy,Living Energy Saver,MARKET,TIME_OF_USE,,,44.0,,False,https://www.energymadeeasy.gov.au/plan?id=RED552132MRE14@EME
RED552133MRE15@EME,Red Energy,Living Energy Saver (TOUCL),MARKET,SINGLE_RATE,,37.9,44.0,,False,https://www.energymadeeasy.gov.au/plan?id=RED552133MRE15@EME
RED552771MRE15@EME,Red Energy,Red BCNA Saver,MARKET,SINGLE_RATE,,37.9,44.0,,False,https://www.energymadeeasy.gov.au/plan?id=RED552771MRE15@EME
RED899460MRE4@EME,Red Energy,Red Rotary D9815 Saver,MARKET,TIME_OF_USE,,,44.0,,False,https://www.energymadeeasy.gov.au/plan?id=RED899460MRE4@EME
RED552712MRE14@EME,Red Energy,Red BCNA Saver,MARKET,TIME_OF_USE,,,44.0,,False,https://www.energymadeeasy.gov.au/plan?id=RED552712MRE14@EME
RED552710MRE16@EME,Red Energy,Red BCNA Saver,MARKET,SINGLE_RATE,,37.9,44.0,,False,https://www.energymadeeasy.gov.au/plan?id=RED552710MRE16@EME
RED899433MRE4@EME,Red Energy,Red Rotary D9815 Saver,MARKET,TIME_OF_USE,,,44.0,,False,https://www.energymadeeasy.gov.au/plan?id=RED899433MRE4@EME
RED899412MRE4@EME,Red Energy,Red Rotary D9815 Saver,MARKET,SINGLE_RATE,,37.9,44.0,,False,https://www.energymadeeasy.gov.au/plan?id=RED899412MRE4@EME
RED552649MRE16@EME,Red Energy,Red Wildlife Saver,MARKET,SINGLE_RATE,,37.9,44.0,,False,https://www.energymadeeasy.gov.au/plan?id=RED552649MRE16@EME
RED552636MRE14@EME,Red Energy,Red Wildlife Saver,MARKET,TIME_OF_USE,,,44.0,,False,https://www.energymadeeasy.gov.au/plan?id=RED552636MRE14@EME
RED552644MRE15@EME,Red Energy,Red Wildlife Saver,MARKET,TIME_OF_USE,,,44.0,,False,https://www.energymadeeasy.gov.au/plan?id=RED552644MRE15@EME
RED899396MRE4@EME,Red Energy,Red Rotary D9815 Saver (TOUCL),MARKET,SINGLE_RATE,,37.9,44.0,,False,https://www.energymadeeasy.gov.au/plan?id=RED899396MRE4@EME
RED899377MRE4@EME,Red Energy,Red Rotary D9815 Saver,MARKET,SINGLE_RATE,,37.9,44.0,,False,https://www.energymadeeasy.gov.au/plan?id=RED899377MRE4@EME
RED552550MBE13@EME,Red Energy,Qantas Red Business Saver (Seasonal Demand),MARKET,TIME_OF_USE,,,44.0,,False,https://www.energymadeeasy.gov.au/plan?id=RED552550MBE13@EME
RED552594MBE15@EME,Red Energy,Qantas Red Business Saver,MARKET,TIME_OF_USE,,,44.0,,False,https://www.energymadeeasy.gov.au/plan?id=RED552594MBE15@EME
RED552597MBE14@EME,Red Energy,Qantas Red Business Saver,MARKET,TIME_OF_USE,,,44.0,,False,https://www.energymadeeasy.gov.au/plan?id=RED552597MBE14@EME
RED552596MBE15@EME,Red Energy,Qantas Red Business Saver,MARKET,SINGLE_RATE,,37.828,44.0,,False,https://www.energymadeeasy.gov.au/plan?id=RED552596MBE15@EME
RED552600MBE14@EME,Red Energy,Qantas Red Business Saver,MARKET,SINGLE_RATE,,37.828,44.0,,False,https://www.energymadeeasy.gov.au/plan?id=RED552600MBE14@EME
RED552554MBE13@EME,Red Energy,Qantas Red Business Saver (TOU Seasonal),MARKET,TIME_OF_USE,,,44.0,,False,https://www.energymadeeasy.gov.au/plan?id=RED552554MBE13@EME
RED552536MBE13@EME,Red Energy,Qantas Red Business Plus (TOU Seasonal),MARKET,TIME_OF_USE,,,44.0,,False,https://www.energymadeeasy.gov.au/plan?id=RED552536MBE13@EME
RED552470MBE14@EME,Red Energy,Qantas Red Business Plus,MARKET,SINGLE_RATE,,37.828,44.0,,False,https://www.energymadeeasy.gov.au/plan?id=RED552470MBE14@EME
RED552477MBE15@EME,Red Energy,Qantas Red Business Plus,MARKET,TIME_OF_USE,,,44.0,,False,https://www.energymadeeasy.gov.au/plan?id=RED552477MBE15@EME
RED552485MBE15@EME,Red Energy,Qantas Red Business Plus,MARKET,SINGLE_RATE,,37.828,44.0,,False,https://www.energymadeeasy.gov.au/plan?id=RED552485MBE15@EME
RED552479MBE14@EME,Red Energy,Qantas Red Business Plus,MARKET,TIME_OF_USE,,,44.0,,False,https://www.energymadeeasy.gov.au/plan?id=RED552479MBE14@EME
RED552414MRE17@EME,Red Energy,Qantas Red Saver (Bundled),MARKET,SINGLE_RATE,,37.9,44.0,,False,https://www.energymadeeasy.gov.au/plan?id=RED552414MRE17@EME
RED552409MRE18@EME,Red Energy,Qantas Red Saver (Bundled),MARKET,SINGLE_RATE,,37.9,44.0,,False,https://www.energymadeeasy.gov.au/plan?id=RED552409MRE18@EME
RED552376MRE17@EME,Red Energy,Qantas Red Saver (Bundled),MARKET,TIME_OF_USE,,,44.0,,False,https://www.energymadeeasy.gov.au/plan?id=RED552376MRE17@EME
RED552378MRE18@EME,Red Energy,Qantas Red Saver (Bundled)(TOUCL),MARKET,SINGLE_RATE,,37.9,44.0,,False,https://www.energymadeeasy.gov.au/plan?id=RED552378MRE18@EME
RED552384MRE16@EME,Red Energy,Qantas Red Saver (Bundled),MARKET,TIME_OF_USE,,,44.0,,False,https://www.energymadeeasy.gov.au/plan?id=RED552384MRE16@EME
RED552328MRE18@EME,Red Energy,Qantas Red Saver,MARKET,SINGLE_RATE,,37.9,44.0,,False,https://www.energymadeeasy.gov.au/plan?id=RED552328MRE18@EME
RED552326MRE17@EME,Red Energy,Qantas Red Saver,MARKET,SINGLE_RATE,,37.9,44.0,,False,https://www.energymadeeasy.gov.au/plan?id=RED552326MRE17@EME
AMB1202043MRE1@EME,Amber Electric,Battery + Solar: Variable Wholesale Prices (estimate),MARKET,SINGLE_RATE,,24.436,6.89,,False,https://www.energymadeeasy.gov.au/plan?id=AMB1202043MRE1@EME
AMB1202091MRE1@EME,Amber Electric,No Feed-In + CBA Yello Plus: Variable Prices (estimate),MARKET,SINGLE_RATE,,25.466,,,False,https://www.energymadeeasy.gov.au/plan?id=AMB1202091MRE1@EME
AMB1202085MRE1@EME,Amber Electric,No Feed-In + CBA Yello: Variable Prices (estimate only),MARKET,SINGLE_RATE,,25.466,,,False,https://www.energymadeeasy.gov.au/plan?id=AMB1202085MRE1@EME
AMB1202055MRE1@EME,Amber Electric,Solar Only + CBA Yello: Variable Prices (estimate only),MARKET,SINGLE_RATE,,37.473,0.0,,False,https://www.energymadeeasy.gov.au/plan?id=AMB1202055MRE1@EME
AMB1202049MRE1@EME,Amber Electric,Solar Only: Variable Prices (estimate only),MARKET,SINGLE_RATE,,37.473,0.0,,False,https://www.energymadeeasy.gov.au/plan?id=AMB1202049MRE1@EME
AMB1202097MRE1@EME,Amber Electric,No Feed-In + CBA Yello Gold: Variable Prices (estimate),MARKET,SINGLE_RATE,,25.466,,,False,https://www.energymadeeasy.gov.au/plan?id=AMB1202097MRE1@EME
AMB1202073MRE1@EME,Amber Electric,Solar + CBA Yello Diamond: Variable Prices (estimate),MARKET,SINGLE_RATE,,37.473,0.0,,False,https://www.energymadeeasy.gov.au/plan?id=AMB1202073MRE1@EME
AMB1202061MRE1@EME,Amber Electric,Solar + CBA Yello Plus: Variable Prices (estimate only),MARKET,SINGLE_RATE,,37.473,0.0,,False,https://www.energymadeeasy.gov.au/plan?id=AMB1202061MRE1@EME
AMB1202103MRE1@EME,Amber Electric,No Feed-In + Yello Diamond: Variable Prices (estimate),MARKET,SINGLE_RATE,,25.466,,,False,https://www.energymadeeasy.gov.au/plan?id=AMB1202103MRE1@EME
AMB1202067MRE1@EME,Amber Electric,Solar + CBA Yello Gold: Variable Prices (estimate only),MARKET,SINGLE_RATE,,37.473,0.0,,False,https://www.energymadeeasy.gov.au/plan?id=AMB1202067MRE1@EME
AMB1202079MRE1@EME,Amber Electric,No Feed-In: Variable Prices (estimate only),MARKET,SINGLE_RATE,,25.466,,,False,https://www.energymadeeasy.gov.au/plan?id=AMB1202079MRE1@EME
AMB1126168MRE2@EME,Amber Electric,CommBank Yello Diamond,MARKET,SINGLE_RATE,,48.6046,0.0,,False,https://www.energymadeeasy.gov.au/plan?id=AMB1126168MRE2@EME
AMB1126175MBE2@EME,Amber Electric,Amber Small Business Plan (Extra Small Usage),MARKET,SINGLE_RATE,,51.4045,0.0,,False,https://www.energymadeeasy.gov.au/plan?id=AMB1126175MBE2@EME
AMB1126150MRE2@EME,Amber Electric,CommBank Yello,MARKET,SINGLE_RATE,,48.6046,0.0,,False,https://www.energymadeeasy.gov.au/plan?id=AMB1126150MRE2@EME
AMB1126156MRE2@EME,Amber Electric,CommBank Yello Plus,MARKET,SINGLE_RATE,,48.6046,0.0,,False,https://www.energymadeeasy.gov.au/plan?id=AMB1126156MRE2@EME
AMB1126169MRE2@EME,Amber Electric,Amber Plan for Energy Masters,MARKET,SINGLE_RATE,,48.6046,0.0,,False,https://www.energymadeeasy.gov.au/plan?id=AMB1126169MRE2@EME
AMB1126162MRE2@EME,Amber Electric,CommBank Yello Gold,MARKET,SINGLE_RATE,,48.6046,0.0,,False,https://www.energymadeeasy.gov.au/plan?id=AMB1126162MRE2@EME
AMB1126144MRE2@EME,Amber Electric,Amber Plan,MARKET,SINGLE_RATE,,48.6046,0.0,,False,https://www.energymadeeasy.gov.au/plan?id=AMB1126144MRE2@EME
AMB1126199MBE2@EME,Amber Electric,Amber Small Business Plan (Extra Large Usage),MARKET,SINGLE_RATE,,51.4045,0.0,,False,https://www.energymadeeasy.gov.au/plan?id=AMB1126199MBE2@EME
AMB1126187MBE2@EME,Amber Electric,Amber Small Business Plan (Medium Usage),MARKET,SINGLE_RATE,,51.4045,0.0,,False,https://www.energymadeeasy.gov.au/plan?id=AMB1126187MBE2@EME
AMB1126181MBE2@EME,Amber Electric,Amber Small Business Plan (Small Usage),MARKET,SINGLE_RATE,,51.4045,0.0,,False,https://www.energymadeeasy.gov.au/plan?id=AMB1126181MBE2@EME
AMB1126193MBE2@EME,Amber Electric,Amber Small Business Plan (Large Usage),MARKET,SINGLE_RATE,,51.4045,0.0,,False,https://www.energymadeeasy.gov.au/plan?id=AMB1126193MBE2@EME
AMB1127898SRE1@EME,Amber Electric,Standing Offer: Solar Sharer Offer,STANDING,TIME_OF_USE,,,0.0,,False,https://www.energymadeeasy.gov.au/plan?id=AMB1127898SRE1@EME
AMB1126204SRE1@EME,Amber Electric,Standing Offer: Fixed Rate,STANDING,SINGLE_RATE,,38.1003,0.0,,False,https://www.energymadeeasy.gov.au/plan?id=AMB1126204SRE1@EME
AMB1126222SRE1@EME,Amber Electric,Standing Offer: TOU + Controlled Load,STANDING,TIME_OF_USE,,,0.0,,False,https://www.energymadeeasy.gov.au/plan?id=AMB1126222SRE1@EME
AMB1126210SRE1@EME,Amber Electric,Standing Offer: Fixed Rate + Controlled Load,STANDING,SINGLE_RATE,,38.1003,0.0,,False,https://www.energymadeeasy.gov.au/plan?id=AMB1126210SRE1@EME
AMB1126239SBE1@EME,Amber Electric,Standing Offer: TOU Small Business,STANDING,TIME_OF_USE,,,0.0,,False,https://www.energymadeeasy.gov.au/plan?id=AMB1126239SBE1@EME
AMB1126233SBE1@EME,Amber Electric,Standing Offer: Fixed Rate Small Business,STANDING,SINGLE_RATE,,40.7681,0.0,,False,https://www.energymadeeasy.gov.au/plan?id=AMB1126233SBE1@EME
AMB1126216SRE1@EME,Amber Electric,Standing Offer: TOU,STANDING,TIME_OF_USE,,,0.0,,False,https://www.energymadeeasy.gov.au/plan?id=AMB1126216SRE1@EME
FEA1154663SBE2@EME,Flipped Energy,Business Freedom Standing Offer - Controlled Load,STANDING,TIME_OF_USE,,,2.0,,False,https://www.energymadeeasy.gov.au/plan?id=FEA1154663SBE2@EME
FEA1154656SRE2@EME,Flipped Energy,Freedom Standing Offer,STANDING,TIME_OF_USE,,,2.0,,False,https://www.energymadeeasy.gov.au/plan?id=FEA1154656SRE2@EME
FEA1154591MRE2@EME,Flipped Energy,Freedom Switched On 2.2! Controlled Load,MARKET,TIME_OF_USE,,,2.0,,False,https://www.energymadeeasy.gov.au/plan?id=FEA1154591MRE2@EME
FEA1154601MBE2@EME,Flipped Energy,Business Freedom Switched On 2.2!,MARKET,TIME_OF_USE,,,2.0,,False,https://www.energymadeeasy.gov.au/plan?id=FEA1154601MBE2@EME
FEA1154607MRE2@EME,Flipped Energy,Freedom Switched On 2.2!,MARKET,TIME_OF_USE,,,2.0,,False,https://www.energymadeeasy.gov.au/plan?id=FEA1154607MRE2@EME
FEA1154590MRE2@EME,Flipped Energy,Anytime Switched On 2.2! Controlled Load,MARKET,SINGLE_RATE,,33.4052,2.0,,False,https://www.energymadeeasy.gov.au/plan?id=FEA1154590MRE2@EME
FEA1154618MBE2@EME,Flipped Energy,Business Anytime Switched On 2.2! Controlled Load,MARKET,SINGLE_RATE,,34.7102,2.0,,False,https://www.energymadeeasy.gov.au/plan?id=FEA1154618MBE2@EME
FEA1154617MRE2@EME,Flipped Energy,Anytime Switched On 2.2!,MARKET,SINGLE_RATE,,34.257,2.0,,False,https://www.energymadeeasy.gov.au/plan?id=FEA1154617MRE2@EME
FEA1154662SRE2@EME,Flipped Energy,Anytime Standing Offer,STANDING,SINGLE_RATE,,36.3812,2.0,,False,https://www.energymadeeasy.gov.au/plan?id=FEA1154662SRE2@EME
FEA1154620MBE2@EME,Flipped Energy,Business Anytime Switched On 2.2!,MARKET,SINGLE_RATE,,34.442,2.0,,False,https://www.energymadeeasy.gov.au/plan?id=FEA1154620MBE2@EME
FEA1154669SBE2@EME,Flipped Energy,Business Freedom Standing Offer,STANDING,TIME_OF_USE,,,2.0,,False,https://www.energymadeeasy.gov.au/plan?id=FEA1154669SBE2@EME
FEA1154639SBE2@EME,Flipped Energy,Business Anytime Standing Offer - Controlled Load,STANDING,SINGLE_RATE,,38.5494,2.0,,False,https://www.energymadeeasy.gov.au/plan?id=FEA1154639SBE2@EME
FEA1154646SRE2@EME,Flipped Energy,Freedom Standing Offer - Controlled Load,STANDING,TIME_OF_USE,,,2.0,,False,https://www.energymadeeasy.gov.au/plan?id=FEA1154646SRE2@EME
FEA1154651SBE2@EME,Flipped Energy,Business Anytime Standing Offer,STANDING,SINGLE_RATE,,38.5486,2.0,,False,https://www.energymadeeasy.gov.au/plan?id=FEA1154651SBE2@EME
FEA1154648SRE2@EME,Flipped Energy,Anytime Standing Offer - Controlled Load,STANDING,SINGLE_RATE,,36.3766,2.0,,False,https://www.energymadeeasy.gov.au/plan?id=FEA1154648SRE2@EME
FEA1154629MBE2@EME,Flipped Energy,Business Freedom Switched On 2.2! Controlled Load,MARKET,TIME_OF_USE,,,2.0,,False,https://www.energymadeeasy.gov.au/plan?id=FEA1154629MBE2@EME
FP11199048MRE1@EME,Flow Power,Happy Hour Battery + Solar: Variable Prices (estimate),MARKET,TIME_OF_USE,,,35.0,,False,https://www.energymadeeasy.gov.au/plan?id=FP11199048MRE1@EME
FP11199342SRE1@EME,Flow Power,Standing Offer FY27 SR,STANDING,SINGLE_RATE,,38.1003,,,False,https://www.energymadeeasy.gov.au/plan?id=FP11199342SRE1@EME
FP11199047MRE1@EME,Flow Power,Happy Hour Battery + Solar: Variable Prices (estimate),MARKET,SINGLE_RATE,,35.5818,35.0,,False,https://www.energymadeeasy.gov.au/plan?id=FP11199047MRE1@EME
FP11199062MRE1@EME,Flow Power,Happy Hour Battery+Solar+EV: Variable Prices (estimate),MARKET,TIME_OF_USE,,,35.0,,False,https://www.energymadeeasy.gov.au/plan?id=FP11199062MRE1@EME
FP11199356SRE1@EME,Flow Power,Standing Offer FY27 TOU,STANDING,TIME_OF_USE,,,,,False,https://www.energymadeeasy.gov.au/plan?id=FP11199356SRE1@EME
FP11199061MRE1@EME,Flow Power,Happy Hour Battery+Solar+EV: Variable Prices (estimate),MARKET,SINGLE_RATE,,34.0273,35.0,,False,https://www.energymadeeasy.gov.au/plan?id=FP11199061MRE1@EME
FP11198991MRE1@EME,Flow Power,Flow Home,MARKET,SINGLE_RATE,,34.8308,2.0,,False,https://www.energymadeeasy.gov.au/plan?id=FP11198991MRE1@EME
FP11199019MRE1@EME,Flow Power,Flow Home Battery+Solar+EV: Variable Prices (estimate),MARKET,SINGLE_RATE,,24.6455,2.0,,False,https://www.energymadeeasy.gov.au/plan?id=FP11199019MRE1@EME
FP11198992MRE1@EME,Flow Power,Flow Home,MARKET,TIME_OF_USE,,,2.0,,False,https://www.energymadeeasy.gov.au/plan?id=FP11198992MRE1@EME
FP11199005MRE1@EME,Flow Power,Flow Home Battery + Solar: Variable Prices (estimate),MARKET,SINGLE_RATE,,26.1909,2.0,,False,https://www.energymadeeasy.gov.au/plan?id=FP11199005MRE1@EME
FP11199031MRE1@EME,Flow Power,Happy Hour,MARKET,SINGLE_RATE,,44.2191,35.0,,False,https://www.energymadeeasy.gov.au/plan?id=FP11199031MRE1@EME
FP11199020MRE1@EME,Flow Power,Flow Home Battery+Solar+EV: Variable Prices (estimate),MARKET,TIME_OF_USE,,,2.0,,False,https://www.energymadeeasy.gov.au/plan?id=FP11199020MRE1@EME
FP11199006MRE1@EME,Flow Power,Flow Home Battery + Solar: Variable Prices (estimate),MARKET,TIME_OF_USE,,,2.0,,False,https://www.energymadeeasy.gov.au/plan?id=FP11199006MRE1@EME
FP11198933MRE1@EME,Flow Power,Flow Home,MARKET,TIME_OF_USE,,,2.0,,False,https://www.energymadeeasy.gov.au/plan?id=FP11198933MRE1@EME
FP11198932MRE1@EME,Flow Power,Flow Home,MARKET,SINGLE_RATE,,34.8308,2.0,,False,https://www.energymadeeasy.gov.au/plan?id=FP11198932MRE1@EME
FP11199364MRE1@EME,Flow Power,4Free,MARKET,TIME_OF_USE,,,20.0,,False,https://www.energymadeeasy.gov.au/plan?id=FP11199364MRE1@EME
FP11199378MRE1@EME,Flow Power,4Free Battery + Solar: Variable Prices (estimate),MARKET,TIME_OF_USE,,,20.0,,False,https://www.energymadeeasy.gov.au/plan?id=FP11199378MRE1@EME
FP11199377MRE1@EME,Flow Power,4Free Battery + Solar + EV: Variable Prices (estimate),MARKET,TIME_OF_USE,,,20.0,,False,https://www.energymadeeasy.gov.au/plan?id=FP11199377MRE1@EME
FP11199034MRE1@EME,Flow Power,Happy Hour,MARKET,TIME_OF_USE,,,35.0,,False,https://www.energymadeeasy.gov.au/plan?id=FP11199034MRE1@EME
FP11199353SRE1@EME,Flow Power,Solar Sharer Offer FY27,STANDING,TIME_OF_USE,,,,,False,https://www.energymadeeasy.gov.au/plan?id=FP11199353SRE1@EME
FXP1125577SRE1@EME,Future X Power,SAPN - RESI Solar Sharer Offer FY27,STANDING,TIME_OF_USE,,,3.0,,False,https://www.energymadeeasy.gov.au/plan?id=FXP1125577SRE1@EME
FXP1125552SRE1@EME,Future X Power,SAPN - RESI Anytime FY27,STANDING,SINGLE_RATE,,38.1003,3.0,,False,https://www.energymadeeasy.gov.au/plan?id=FXP1125552SRE1@EME
FXP1125567SBE1@EME,Future X Power,SAPN - SME Time of Use FY27,STANDING,TIME_OF_USE,,,3.0,,False,https://www.energymadeeasy.gov.au/plan?id=FXP1125567SBE1@EME
FXP1125562SRE1@EME,Future X Power,SAPN - RESI Time of Use FY27,STANDING,TIME_OF_USE,,,3.0,,False,https://www.energymadeeasy.gov.au/plan?id=FXP1125562SRE1@EME
FXP1125572SRE1@EME,Future X Power,SAPN - RESI Anytime + CL1 FY27,STANDING,SINGLE_RATE,,38.1003,3.0,,False,https://www.energymadeeasy.gov.au/plan?id=FXP1125572SRE1@EME
FXP1125557SBE1@EME,Future X Power,SAPN - SME Anytime FY27,STANDING,SINGLE_RATE,,40.7681,3.0,,False,https://www.energymadeeasy.gov.au/plan?id=FXP1125557SBE1@EME
IOR1159317MRE1@EME,iO Energy,Basic Home | Free meter exchange | Controlled load,MARKET,SINGLE_RATE,,54.5455,-5.0,,False,https://www.energymadeeasy.gov.au/plan?id=IOR1159317MRE1@EME
IOR1159328MRE1@EME,iO Energy,Smart Home | Free weekend energy | Controlled load,MARKET,TIME_OF_USE,,,0.0,,False,https://www.energymadeeasy.gov.au/plan?id=IOR1159328MRE1@EME
IOR1159331MBE1@EME,iO Energy,Sustainable Business (Electrify),MARKET,TIME_OF_USE,,,0.0,,False,https://www.energymadeeasy.gov.au/plan?id=IOR1159331MBE1@EME
IOR1159326MRE1@EME,iO Energy,Sustainable Home (Electrify) | Controlled load,MARKET,TIME_OF_USE,,,0.0,,False,https://www.energymadeeasy.gov.au/plan?id=IOR1159326MRE1@EME
IOR1159324MRE1@EME,iO Energy,Sustainable Home | Controlled load,MARKET,TIME_OF_USE,,,0.0,,False,https://www.energymadeeasy.gov.au/plan?id=IOR1159324MRE1@EME
IOR1159323MRE1@EME,iO Energy,Sustainable Home,MARKET,TIME_OF_USE,,,0.0,,False,https://www.energymadeeasy.gov.au/plan?id=IOR1159323MRE1@EME
IOR1159336SBE1@EME,iO Energy,Regulated Business | Flat rate | Controlled load,STANDING,SINGLE_RATE,,40.77,-5.0,,False,https://www.energymadeeasy.gov.au/plan?id=IOR1159336SBE1@EME
IOR1159318MRE1@EME,iO Energy,Basic Home | Free meter exchange,MARKET,SINGLE_RATE,,54.5455,-5.0,,False,https://www.energymadeeasy.gov.au/plan?id=IOR1159318MRE1@EME
IOR1159327MRE1@EME,iO Energy,Smart Home | Free weekend energy,MARKET,TIME_OF_USE,,,0.0,,False,https://www.energymadeeasy.gov.au/plan?id=IOR1159327MRE1@EME
IOR1159341MRE1@EME,iO Energy,Electrify Export (Seasonal),MARKET,SINGLE_RATE,,0.0,30.0,,False,https://www.energymadeeasy.gov.au/plan?id=IOR1159341MRE1@EME
IOR1159339MRE1@EME,iO Energy,Active Export,MARKET,SINGLE_RATE,,0.0,13.0,,False,https://www.energymadeeasy.gov.au/plan?id=IOR1159339MRE1@EME
IOR1159337SBE1@EME,iO Energy,Regulated Business | Time-of-use,STANDING,TIME_OF_USE,,,-5.0,,False,https://www.energymadeeasy.gov.au/plan?id=IOR1159337SBE1@EME
IOR1159319MBE1@EME,iO Energy,Basic Business (BSR) | Free meter exchange,MARKET,SINGLE_RATE,,59.0909,-5.0,,False,https://www.energymadeeasy.gov.au/plan?id=IOR1159319MBE1@EME
IOR1159325MRE1@EME,iO Energy,Sustainable Home (Electrify),MARKET,TIME_OF_USE,,,0.0,,False,https://www.energymadeeasy.gov.au/plan?id=IOR1159325MRE1@EME
IOR1159335SRE1@EME,iO Energy,Regulated Home | Time-of-use,STANDING,TIME_OF_USE,,,-5.0,,False,https://www.energymadeeasy.gov.au/plan?id=IOR1159335SRE1@EME
IOR1159333SRE1@EME,iO Energy,Regulated Home | Flat rate,STANDING,SINGLE_RATE,,38.1,-5.0,,False,https://www.energymadeeasy.gov.au/plan?id=IOR1159333SRE1@EME
IOR1159338MRE1@EME,iO Energy,Seasonal Export,MARKET,SINGLE_RATE,,0.0,2.3,,False,https://www.energymadeeasy.gov.au/plan?id=IOR1159338MRE1@EME
IOR1159329MBE1@EME,iO Energy,Sustainable Business,MARKET,TIME_OF_USE,,,0.0,,False,https://www.energymadeeasy.gov.au/plan?id=IOR1159329MBE1@EME
IOR1159321MBE1@EME,iO Energy,Basic Business (B2R) | Free meter exchange | Ctrl. Load,MARKET,TIME_OF_USE,,,-5.0,,False,https://www.energymadeeasy.gov.au/plan?id=IOR1159321MBE1@EME
IOR1159330MBE1@EME,iO Energy,Smart Business,MARKET,TIME_OF_USE,,,0.0,,False,https://www.energymadeeasy.gov.au/plan?id=IOR1159330MBE1@EME
IOR1159322MBE1@EME,iO Energy,Basic Business (B2R) | Free meter exchange,MARKET,TIME_OF_USE,,,-5.0,,False,https://www.energymadeeasy.gov.au/plan?id=IOR1159322MBE1@EME
IOR1159332SRE1@EME,iO Energy,Regulated Home | Flat rate | Controlled load,STANDING,SINGLE_RATE,,38.1,-5.0,,False,https://www.energymadeeasy.gov.au/plan?id=IOR1159332SRE1@EME
IOR1159340MRE1@EME,iO Energy,Electrify Export (Daily),MARKET,SINGLE_RATE,,0.0,22.0,,False,https://www.energymadeeasy.gov.au/plan?id=IOR1159340MRE1@EME
IOR1159334SRE1@EME,iO Energy,Regulated Home | Time-of-use | Controlled load,STANDING,TIME_OF_USE,,,-5.0,,False,https://www.energymadeeasy.gov.au/plan?id=IOR1159334SRE1@EME
IOR1159320MBE1@EME,iO Energy,Basic Business (BSR) | Free meter exchange | Ctrl. Load,MARKET,SINGLE_RATE,,59.0909,-5.0,,False,https://www.energymadeeasy.gov.au/plan?id=IOR1159320MBE1@EME
ELU1021363SBE6@EME,Energy Locals Urban,Standing Offer,STANDING,SINGLE_RATE,,40.7,0.0,,False,https://www.energymadeeasy.gov.au/plan?id=ELU1021363SBE6@EME
ELU1021362SRE6@EME,Energy Locals Urban,Standing Offer,STANDING,SINGLE_RATE,,38.0,0.0,,False,https://www.energymadeeasy.gov.au/plan?id=ELU1021362SRE6@EME
